,time,service,rho
0,4.508376387808465,FIFO,0.8
1,4.7331915663139785,FIFO,0.8
2,4.818865487168552,FIFO,0.8
3,4.312262760256119,FIFO,0.8
4,4.532682143228759,FIFO,0.8
5,3.819066772067161,FIFO,0.8
6,4.480050910821173,FIFO,0.8
7,4.446681734075795,FIFO,0.8
8,4.337653444698854,FIFO,0.8
9,4.055864119283536,FIFO,0.8
10,4.176629374306655,FIFO,0.8
11,4.26077206405326,FIFO,0.8
12,4.160506983631723,FIFO,0.8
13,3.7542957315208225,FIFO,0.8
14,4.085996161629697,FIFO,0.8
15,4.593105913470329,FIFO,0.8
16,4.338977081129903,FIFO,0.8
17,3.7185375610435614,FIFO,0.8
18,3.9808579581133645,FIFO,0.8
19,4.076559120567047,FIFO,0.8
20,4.698528277975446,FIFO,0.8
21,3.921269612107943,FIFO,0.8
22,4.356721000106536,FIFO,0.8
23,4.1421361089836575,FIFO,0.8
24,3.819320318164582,FIFO,0.8
25,4.0050983939244675,FIFO,0.8
26,4.708387890671388,FIFO,0.8
27,3.8269988455607002,FIFO,0.8
28,4.1851155845025945,FIFO,0.8
29,4.137311342316734,FIFO,0.8
30,3.942909592643547,FIFO,0.8
31,4.638024142001848,FIFO,0.8
32,4.279047888292319,FIFO,0.8
33,4.491340240617798,FIFO,0.8
34,3.971374293053255,FIFO,0.8
35,4.289307973612353,FIFO,0.8
36,4.010420281306974,FIFO,0.8
37,4.898684501391617,FIFO,0.8
38,3.878451026871259,FIFO,0.8
39,4.39620181652531,FIFO,0.8
40,4.694887497945127,FIFO,0.8
41,4.310800923463968,FIFO,0.8
42,4.082668816239785,FIFO,0.8
43,3.9646012650512574,FIFO,0.8
44,4.390996313595995,FIFO,0.8
45,4.092646852367481,FIFO,0.8
46,4.178635964891903,FIFO,0.8
47,4.3136716085909645,FIFO,0.8
48,4.164848613523666,FIFO,0.8
49,3.9807382945794556,FIFO,0.8
50,4.480484958631465,FIFO,0.8
51,3.7133856381947496,FIFO,0.8
52,3.938833101685163,FIFO,0.8
53,4.154597873033328,FIFO,0.8
54,4.29871511642296,FIFO,0.8
55,4.925855160088656,FIFO,0.8
56,4.376084436099806,FIFO,0.8
57,3.945953120387321,FIFO,0.8
58,4.302262141762883,FIFO,0.8
59,4.55541561096598,FIFO,0.8
60,4.316434107476438,FIFO,0.8
61,3.748542357444428,FIFO,0.8
62,3.876569589310661,FIFO,0.8
63,4.2071277551000135,FIFO,0.8
64,4.217569055522409,FIFO,0.8
65,4.3907071773740745,FIFO,0.8
66,4.299429431646864,FIFO,0.8
67,4.284571088958201,FIFO,0.8
68,4.196420158142484,FIFO,0.8
69,4.828580798170914,FIFO,0.8
70,4.145965042109878,FIFO,0.8
71,5.184442616062144,FIFO,0.8
72,3.806008169064783,FIFO,0.8
73,4.4719780144746695,FIFO,0.8
74,3.961595887161135,FIFO,0.8
75,4.956565533869584,FIFO,0.8
76,4.617232050914801,FIFO,0.8
77,3.997078171786375,FIFO,0.8
78,4.150485934302235,FIFO,0.8
79,3.9764718257209317,FIFO,0.8
80,4.199900482152053,FIFO,0.8
81,4.478993883303768,FIFO,0.8
82,4.13818966562227,FIFO,0.8
83,4.159561954931739,FIFO,0.8
84,4.1631931769933646,FIFO,0.8
85,5.03213881976545,FIFO,0.8
86,4.041593489413679,FIFO,0.8
87,3.471736574591513,FIFO,0.8
88,3.796940694445218,FIFO,0.8
89,4.627369424691335,FIFO,0.8
90,3.953697607471764,FIFO,0.8
91,4.227275768473509,FIFO,0.8
92,4.309411186065892,FIFO,0.8
93,3.8479460092634596,FIFO,0.8
94,3.761127381859146,FIFO,0.8
95,4.2282302087237085,FIFO,0.8
96,3.728878529475011,FIFO,0.8
97,3.940349511646575,FIFO,0.8
98,3.9356607087931073,FIFO,0.8
99,4.585992837762845,FIFO,0.8
100,3.715957255809548,FIFO,0.8
101,4.334304704726979,FIFO,0.8
102,4.701702180872435,FIFO,0.8
103,4.2970724706519245,FIFO,0.8
104,3.9665200162691923,FIFO,0.8
105,4.245472588350399,FIFO,0.8
106,4.029198556870362,FIFO,0.8
107,3.9879929123972877,FIFO,0.8
108,4.270398983018672,FIFO,0.8
109,4.088008088787802,FIFO,0.8
110,4.113324650339039,FIFO,0.8
111,4.056273009052486,FIFO,0.8
112,4.329043457847043,FIFO,0.8
113,4.693146198769588,FIFO,0.8
114,4.573112415834527,FIFO,0.8
115,4.6311311825437045,FIFO,0.8
116,4.735123215983266,FIFO,0.8
117,4.080729566716088,FIFO,0.8
118,4.822266268354743,FIFO,0.8
119,4.087580533177248,FIFO,0.8
120,4.2839998092861755,FIFO,0.8
121,4.295246382235407,FIFO,0.8
122,3.551390980256629,FIFO,0.8
123,4.566613238974563,FIFO,0.8
124,3.9921719163382847,FIFO,0.8
125,4.405008384821899,FIFO,0.8
126,4.624828843046559,FIFO,0.8
127,4.263651203454465,FIFO,0.8
128,4.390311868787405,FIFO,0.8
129,4.376809601486342,FIFO,0.8
130,4.349235615670724,FIFO,0.8
131,4.702079619723526,FIFO,0.8
132,4.21589456532732,FIFO,0.8
133,3.9388702620152727,FIFO,0.8
134,4.159299428486196,FIFO,0.8
135,3.9206202391352227,FIFO,0.8
136,3.733166396215978,FIFO,0.8
137,4.967868375854153,FIFO,0.8
138,3.7377252807194936,FIFO,0.8
139,4.77296839298055,FIFO,0.8
140,4.542224808754287,FIFO,0.8
141,3.8495975615301825,FIFO,0.8
142,3.5993338581282432,FIFO,0.8
143,4.2262633659575455,FIFO,0.8
144,4.125385842750581,FIFO,0.8
145,4.636039924213807,FIFO,0.8
146,4.046794822440319,FIFO,0.8
147,3.5402956171906945,FIFO,0.8
148,3.917810377428784,FIFO,0.8
149,4.340967525040769,FIFO,0.8
150,3.8408503008387624,FIFO,0.8
151,4.039578597448022,FIFO,0.8
152,4.164614810966548,FIFO,0.8
153,3.9714638014930927,FIFO,0.8
154,4.208224156936066,FIFO,0.8
155,4.388607519484065,FIFO,0.8
156,4.221638000157995,FIFO,0.8
157,4.253556338162704,FIFO,0.8
158,3.633159514143362,FIFO,0.8
159,4.081145850406273,FIFO,0.8
160,4.370036073048487,FIFO,0.8
161,3.7944462298678743,FIFO,0.8
162,3.92755184018381,FIFO,0.8
163,3.5401672345488704,FIFO,0.8
164,4.017305588336942,FIFO,0.8
165,4.499432535862635,FIFO,0.8
166,5.1606992564994245,FIFO,0.8
167,3.909006144144301,FIFO,0.8
168,3.3812754944485133,FIFO,0.8
169,3.6796840910466613,FIFO,0.8
170,4.184184862419201,FIFO,0.8
171,3.7081680257223977,FIFO,0.8
172,4.949510017042511,FIFO,0.8
173,4.249748216603481,FIFO,0.8
174,3.5554489507903986,FIFO,0.8
175,3.9983961905690006,FIFO,0.8
176,5.2548852351915505,FIFO,0.8
177,3.974239782537217,FIFO,0.8
178,4.859708990922112,FIFO,0.8
179,3.776828131910942,FIFO,0.8
180,4.079461457436738,FIFO,0.8
181,4.098520119145375,FIFO,0.8
182,4.22703903574445,FIFO,0.8
183,4.421769572599253,FIFO,0.8
184,4.282972878519156,FIFO,0.8
185,4.358845254345226,FIFO,0.8
186,4.808325006184695,FIFO,0.8
187,4.445540935953341,FIFO,0.8
188,3.78504014337392,FIFO,0.8
189,4.958607137681188,FIFO,0.8
190,4.517179983942329,FIFO,0.8
191,3.4438480934268356,FIFO,0.8
192,4.2220807224018575,FIFO,0.8
193,4.093468403547113,FIFO,0.8
194,4.7451102857681144,FIFO,0.8
195,4.611954686062127,FIFO,0.8
196,4.54304969750301,FIFO,0.8
197,3.6767413937990843,FIFO,0.8
198,4.029966637109716,FIFO,0.8
199,3.800018553824663,FIFO,0.8
200,4.2687365365989605,FIFO,0.8
201,4.242296214002647,FIFO,0.8
202,3.9794063470652645,FIFO,0.8
203,3.7291050653457103,FIFO,0.8
204,5.292000465454217,FIFO,0.8
205,4.39557526650782,FIFO,0.8
206,3.769366155957643,FIFO,0.8
207,4.463311897254221,FIFO,0.8
208,4.263279523232901,FIFO,0.8
209,4.903213867659304,FIFO,0.8
210,4.209693145576582,FIFO,0.8
211,3.827141908993479,FIFO,0.8
212,4.747392789571119,FIFO,0.8
213,4.080974918676249,FIFO,0.8
214,3.8166973132776447,FIFO,0.8
215,4.440061174344503,FIFO,0.8
216,4.392167581035242,FIFO,0.8
217,4.1682488726731,FIFO,0.8
218,4.005733480612678,FIFO,0.8
219,3.509588643367767,FIFO,0.8
220,3.7896209293653564,FIFO,0.8
221,3.572163247610067,FIFO,0.8
222,4.26729034848031,FIFO,0.8
223,4.517706515159799,FIFO,0.8
224,4.601181524812727,FIFO,0.8
225,4.577977362778548,FIFO,0.8
226,4.306792638128568,FIFO,0.8
227,4.916007854208385,FIFO,0.8
228,4.094057118083337,FIFO,0.8
229,4.033760721169233,FIFO,0.8
230,4.381720108613851,FIFO,0.8
231,4.360393907082414,FIFO,0.8
232,4.5633075714002596,FIFO,0.8
233,4.514612067853582,FIFO,0.8
234,4.076259300834949,FIFO,0.8
235,3.910338552415828,FIFO,0.8
236,3.88075582734215,FIFO,0.8
237,3.9209766440226637,FIFO,0.8
238,5.043543210928167,FIFO,0.8
239,3.7861924310976343,FIFO,0.8
240,3.8214635690010392,FIFO,0.8
241,4.20508507412023,FIFO,0.8
242,3.798197096149318,FIFO,0.8
243,3.8683868282407827,FIFO,0.8
244,4.210073906828578,FIFO,0.8
245,3.716300260817584,FIFO,0.8
246,3.8084143129451586,FIFO,0.8
247,3.898872850185908,FIFO,0.8
248,4.132704918054152,FIFO,0.8
249,3.712995080890906,FIFO,0.8
250,4.653397631293143,FIFO,0.8
251,4.305890431059851,FIFO,0.8
252,4.0025293101761195,FIFO,0.8
253,4.581071727425608,FIFO,0.8
254,4.498638689536472,FIFO,0.8
255,4.333201793708134,FIFO,0.8
256,4.117405704731792,FIFO,0.8
257,4.070094946088205,FIFO,0.8
258,4.222145834352534,FIFO,0.8
259,4.204484598396286,FIFO,0.8
260,4.142588331577543,FIFO,0.8
261,3.906662516180279,FIFO,0.8
262,4.810592540155693,FIFO,0.8
263,4.043899153939585,FIFO,0.8
264,4.376622146305223,FIFO,0.8
265,4.3276145133054165,FIFO,0.8
266,4.386271489044841,FIFO,0.8
267,4.0548981216568105,FIFO,0.8
268,4.26718673931731,FIFO,0.8
269,4.290035712127397,FIFO,0.8
270,4.0224645262111345,FIFO,0.8
271,3.931015194043238,FIFO,0.8
272,3.994864436613087,FIFO,0.8
273,3.8702592195782883,FIFO,0.8
274,4.478204387389084,FIFO,0.8
275,4.407692316014369,FIFO,0.8
276,4.534322058715816,FIFO,0.8
277,4.986890534642501,FIFO,0.8
278,4.045893039130904,FIFO,0.8
279,4.028324494342629,FIFO,0.8
280,4.549237525290546,FIFO,0.8
281,4.052987643060049,FIFO,0.8
282,4.416213479164827,FIFO,0.8
283,3.792297021358124,FIFO,0.8
284,4.360004758466485,FIFO,0.8
285,3.9742196438613666,FIFO,0.8
286,3.7925336848308944,FIFO,0.8
287,4.245569333658852,FIFO,0.8
288,3.9740404933599276,FIFO,0.8
289,5.354769641378007,FIFO,0.8
290,3.68006095408446,FIFO,0.8
291,4.433711221185735,FIFO,0.8
292,4.593802205547689,FIFO,0.8
293,3.8370717155312164,FIFO,0.8
294,4.481013711964536,FIFO,0.8
295,4.716100751589702,FIFO,0.8
296,4.707165365246987,FIFO,0.8
297,3.589052497961455,FIFO,0.8
298,3.784161288397928,FIFO,0.8
299,3.8215396943738233,FIFO,0.8
300,4.516544586523536,FIFO,0.8
301,3.8733259519742447,FIFO,0.8
302,4.068858315955635,FIFO,0.8
303,4.025540032662762,FIFO,0.8
304,4.950321881156926,FIFO,0.8
305,4.510323947865606,FIFO,0.8
306,4.046586723189352,FIFO,0.8
307,4.064797691887334,FIFO,0.8
308,4.565054753820921,FIFO,0.8
309,4.39816670865427,FIFO,0.8
310,4.441904921547219,FIFO,0.8
311,4.172593157424853,FIFO,0.8
312,4.174470718977786,FIFO,0.8
313,4.444654041006469,FIFO,0.8
314,3.6650227073290154,FIFO,0.8
315,3.6623232926796407,FIFO,0.8
316,4.24555958322869,FIFO,0.8
317,3.319098428571183,FIFO,0.8
318,4.7450838239341975,FIFO,0.8
319,4.0245898226947725,FIFO,0.8
320,4.494692845697017,FIFO,0.8
321,3.78920863902286,FIFO,0.8
322,3.686288685853663,FIFO,0.8
323,4.093006790793854,FIFO,0.8
324,4.241965277334056,FIFO,0.8
325,4.358667915749905,FIFO,0.8
326,4.080338864327924,FIFO,0.8
327,4.0820330658548825,FIFO,0.8
328,4.992773344767363,FIFO,0.8
329,4.177432404433699,FIFO,0.8
330,4.486752054372879,FIFO,0.8
331,4.376293667325515,FIFO,0.8
332,4.195909723318924,FIFO,0.8
333,4.137302862936577,FIFO,0.8
334,4.211875930795173,FIFO,0.8
335,3.6182068508920913,FIFO,0.8
336,4.403720533619896,FIFO,0.8
337,5.290527588866413,FIFO,0.8
338,4.479132621130296,FIFO,0.8
339,4.646974188724465,FIFO,0.8
340,3.8593846715937836,FIFO,0.8
341,3.957413292648426,FIFO,0.8
342,4.192104150457927,FIFO,0.8
343,4.338672073885443,FIFO,0.8
344,4.276959094847537,FIFO,0.8
345,4.140986184130057,FIFO,0.8
346,3.9529552051904524,FIFO,0.8
347,3.9413046869914266,FIFO,0.8
348,4.16823692702036,FIFO,0.8
349,4.3249384468949446,FIFO,0.8
350,4.2990557529196085,FIFO,0.8
351,4.223182390698722,FIFO,0.8
352,3.8961536741270457,FIFO,0.8
353,4.271130911810466,FIFO,0.8
354,3.9567259969183555,FIFO,0.8
355,4.117973840756097,FIFO,0.8
356,4.482601017407986,FIFO,0.8
357,4.996555139156301,FIFO,0.8
358,5.802416612723051,FIFO,0.8
359,4.151798240228021,FIFO,0.8
360,4.589264197279697,FIFO,0.8
361,4.031752391609063,FIFO,0.8
362,4.752403420126941,FIFO,0.8
363,3.911509595608838,FIFO,0.8
364,4.181941208286277,FIFO,0.8
365,4.0885289866736425,FIFO,0.8
366,3.990146591305495,FIFO,0.8
367,4.426517994003884,FIFO,0.8
368,4.337996141223645,FIFO,0.8
369,4.714609853093559,FIFO,0.8
370,4.714903975820195,FIFO,0.8
371,4.410390415041281,FIFO,0.8
372,4.218453523399796,FIFO,0.8
373,4.360832664266478,FIFO,0.8
374,4.564021325678704,FIFO,0.8
375,3.5531792906064186,FIFO,0.8
376,4.355248864058254,FIFO,0.8
377,4.229427882085921,FIFO,0.8
378,4.0651187464743375,FIFO,0.8
379,4.122471093052396,FIFO,0.8
380,3.9282889430167613,FIFO,0.8
381,3.9057445957627324,FIFO,0.8
382,3.9372448592016873,FIFO,0.8
383,3.8824659848114877,FIFO,0.8
384,4.308499144521219,FIFO,0.8
385,4.1059894074854615,FIFO,0.8
386,4.102152858717309,FIFO,0.8
387,5.188581447895682,FIFO,0.8
388,3.8533711925252008,FIFO,0.8
389,4.277942826563437,FIFO,0.8
390,4.17457616889637,FIFO,0.8
391,4.058605553760137,FIFO,0.8
392,4.284764254119444,FIFO,0.8
393,4.12734126734935,FIFO,0.8
394,3.8879735225070347,FIFO,0.8
395,4.010764305047814,FIFO,0.8
396,4.111633358206102,FIFO,0.8
397,4.4389856583590825,FIFO,0.8
398,4.15758566084027,FIFO,0.8
399,3.73933059267204,FIFO,0.8
400,3.9336800247142674,FIFO,0.8
401,4.831104847793565,FIFO,0.8
402,4.208975063556554,FIFO,0.8
403,4.491138161634118,FIFO,0.8
404,4.271920192149535,FIFO,0.8
405,4.2170189877973305,FIFO,0.8
406,4.217554329655306,FIFO,0.8
407,4.090560058385354,FIFO,0.8
408,4.407345545466133,FIFO,0.8
409,4.4990755659968364,FIFO,0.8
410,4.179761551471486,FIFO,0.8
411,3.845995571863314,FIFO,0.8
412,4.149460363917407,FIFO,0.8
413,4.250756360342948,FIFO,0.8
414,4.073217050559687,FIFO,0.8
415,5.094047806300044,FIFO,0.8
416,3.9854655025443373,FIFO,0.8
417,3.907560149195866,FIFO,0.8
418,4.283270652664063,FIFO,0.8
419,4.255238670035777,FIFO,0.8
420,3.8904365300991355,FIFO,0.8
421,3.9210563359980077,FIFO,0.8
422,4.575122517374543,FIFO,0.8
423,4.171292568164406,FIFO,0.8
424,3.8226327323270946,FIFO,0.8
425,4.1154017303192205,FIFO,0.8
426,4.292777969043661,FIFO,0.8
427,4.035876464133732,FIFO,0.8
428,4.838935467938628,FIFO,0.8
429,3.9629070919009477,FIFO,0.8
430,4.709470640282104,FIFO,0.8
431,3.9033361074883235,FIFO,0.8
432,4.307728321408222,FIFO,0.8
433,3.916060885597136,FIFO,0.8
434,4.037610757294438,FIFO,0.8
435,4.353712755877817,FIFO,0.8
436,3.646277136702453,FIFO,0.8
437,5.321421443460987,FIFO,0.8
438,3.915955985352683,FIFO,0.8
439,4.309951014382547,FIFO,0.8
440,4.190608004969538,FIFO,0.8
441,4.167012488839127,FIFO,0.8
442,3.568810209017555,FIFO,0.8
443,4.175123228484767,FIFO,0.8
444,4.248953091933351,FIFO,0.8
445,4.010743100067843,FIFO,0.8
446,4.237362140166804,FIFO,0.8
447,4.137804630887518,FIFO,0.8
448,3.864168236906987,FIFO,0.8
449,4.275614269895611,FIFO,0.8
450,4.813777793929204,FIFO,0.8
451,4.363882127207868,FIFO,0.8
452,4.309236821170183,FIFO,0.8
453,4.70710789232621,FIFO,0.8
454,4.276510282338731,FIFO,0.8
455,4.669867718985971,FIFO,0.8
456,4.002494773475075,FIFO,0.8
457,4.902546111916246,FIFO,0.8
458,3.7281974405077776,FIFO,0.8
459,4.168521999874615,FIFO,0.8
460,3.8716084646212314,FIFO,0.8
461,4.136559059601377,FIFO,0.8
462,3.981807066722686,FIFO,0.8
463,4.470698748096493,FIFO,0.8
464,4.5143976348929575,FIFO,0.8
465,3.685396653448432,FIFO,0.8
466,4.87522924955987,FIFO,0.8
467,4.337082080804216,FIFO,0.8
468,4.337373005526812,FIFO,0.8
469,3.973387502871303,FIFO,0.8
470,3.6735850841293987,FIFO,0.8
471,4.220391145551725,FIFO,0.8
472,3.896551229024185,FIFO,0.8
473,4.37397786251622,FIFO,0.8
474,4.1400807004540505,FIFO,0.8
475,4.221273315421004,FIFO,0.8
476,4.510020573285114,FIFO,0.8
477,4.33042344881858,FIFO,0.8
478,4.097121361994742,FIFO,0.8
479,4.200169711666577,FIFO,0.8
480,3.825365082885626,FIFO,0.8
481,3.8351983754374284,FIFO,0.8
482,4.54928076062498,FIFO,0.8
483,4.051609235540583,FIFO,0.8
484,4.324618399446806,FIFO,0.8
485,3.540946837790144,FIFO,0.8
486,4.090654442319601,FIFO,0.8
487,3.8080785147055387,FIFO,0.8
488,3.921785587175201,FIFO,0.8
489,4.555879956983968,FIFO,0.8
490,3.9267705026116397,FIFO,0.8
491,4.364035010141074,FIFO,0.8
492,4.554698290855796,FIFO,0.8
493,4.409210326147724,FIFO,0.8
494,4.079573120266044,FIFO,0.8
495,4.656068953248843,FIFO,0.8
496,3.986320933522722,FIFO,0.8
497,4.3993500966326335,FIFO,0.8
498,4.283899736899166,FIFO,0.8
499,4.213773234597665,FIFO,0.8
500,5.604573402382085,FIFO,0.85
501,5.250855405774657,FIFO,0.85
502,5.629453434946454,FIFO,0.85
503,5.99217134497327,FIFO,0.85
504,5.898538022233797,FIFO,0.85
505,5.9820324791842925,FIFO,0.85
506,5.4826624137961915,FIFO,0.85
507,4.947293852931795,FIFO,0.85
508,5.76168086554357,FIFO,0.85
509,6.846609627746165,FIFO,0.85
510,6.267172211104943,FIFO,0.85
511,5.867988189267833,FIFO,0.85
512,5.626971761959414,FIFO,0.85
513,6.183842377578235,FIFO,0.85
514,5.3114857228052585,FIFO,0.85
515,6.155687891981075,FIFO,0.85
516,6.967176179133942,FIFO,0.85
517,5.353547683828328,FIFO,0.85
518,5.417336261033564,FIFO,0.85
519,5.657589069616115,FIFO,0.85
520,6.469819884191016,FIFO,0.85
521,5.213535399071256,FIFO,0.85
522,5.332981263165823,FIFO,0.85
523,5.82560517816999,FIFO,0.85
524,6.193615206122922,FIFO,0.85
525,6.8607601819712345,FIFO,0.85
526,6.4607302607808235,FIFO,0.85
527,5.829725210175629,FIFO,0.85
528,6.571947692136463,FIFO,0.85
529,4.976123252537418,FIFO,0.85
530,5.386282420393546,FIFO,0.85
531,5.301728230061066,FIFO,0.85
532,6.337880813651954,FIFO,0.85
533,5.872072193966262,FIFO,0.85
534,6.669994712826055,FIFO,0.85
535,5.9277107869560846,FIFO,0.85
536,6.396742968499976,FIFO,0.85
537,5.96828045627605,FIFO,0.85
538,6.015330306127525,FIFO,0.85
539,5.809815443680969,FIFO,0.85
540,6.899781503367827,FIFO,0.85
541,5.491867596800964,FIFO,0.85
542,5.151616399403466,FIFO,0.85
543,6.385122378579249,FIFO,0.85
544,5.5466872433856835,FIFO,0.85
545,5.962541033043379,FIFO,0.85
546,6.583100791780265,FIFO,0.85
547,5.769136632292548,FIFO,0.85
548,5.319085497906595,FIFO,0.85
549,5.20725553264162,FIFO,0.85
550,5.830244681258674,FIFO,0.85
551,5.823359239831431,FIFO,0.85
552,6.2010324267465755,FIFO,0.85
553,5.791512914969791,FIFO,0.85
554,5.549148008988041,FIFO,0.85
555,5.188703729532726,FIFO,0.85
556,5.969847483770008,FIFO,0.85
557,6.037281346464693,FIFO,0.85
558,6.836738104394161,FIFO,0.85
559,5.732477035281021,FIFO,0.85
560,5.2081841864270695,FIFO,0.85
561,6.4701412047235705,FIFO,0.85
562,6.373735238886401,FIFO,0.85
563,5.267864555878072,FIFO,0.85
564,6.9157504892859345,FIFO,0.85
565,6.645199051960614,FIFO,0.85
566,5.880563935040264,FIFO,0.85
567,5.78997489775883,FIFO,0.85
568,5.916447772805076,FIFO,0.85
569,5.55163581527485,FIFO,0.85
570,6.92997001839596,FIFO,0.85
571,7.158281314755111,FIFO,0.85
572,6.036577119762184,FIFO,0.85
573,5.9709090301803665,FIFO,0.85
574,6.0335693700925335,FIFO,0.85
575,6.4255196901805185,FIFO,0.85
576,6.3144845354517285,FIFO,0.85
577,5.919773459370245,FIFO,0.85
578,5.6823301870397405,FIFO,0.85
579,5.768154230710225,FIFO,0.85
580,5.370209879630135,FIFO,0.85
581,6.49259820139753,FIFO,0.85
582,5.9850883587998025,FIFO,0.85
583,5.723901825248322,FIFO,0.85
584,5.720899724738496,FIFO,0.85
585,5.6347323258665405,FIFO,0.85
586,7.481819203548959,FIFO,0.85
587,5.952293164270327,FIFO,0.85
588,5.797840367650006,FIFO,0.85
589,5.210898496496317,FIFO,0.85
590,5.805116010849767,FIFO,0.85
591,6.6284821865763766,FIFO,0.85
592,5.18955839063287,FIFO,0.85
593,6.185975813290286,FIFO,0.85
594,5.633925869568516,FIFO,0.85
595,5.654496837326413,FIFO,0.85
596,5.973445995789519,FIFO,0.85
597,5.840738338304696,FIFO,0.85
598,6.5390842927192905,FIFO,0.85
599,5.8060466995594195,FIFO,0.85
600,5.683838474472422,FIFO,0.85
601,5.484727690838829,FIFO,0.85
602,6.548611264079241,FIFO,0.85
603,6.279284131435687,FIFO,0.85
604,6.413457950046198,FIFO,0.85
605,5.694260745223559,FIFO,0.85
606,6.7773361986976814,FIFO,0.85
607,5.568313701088718,FIFO,0.85
608,5.67595307990933,FIFO,0.85
609,5.984540865132287,FIFO,0.85
610,5.734162819001032,FIFO,0.85
611,5.641349747385856,FIFO,0.85
612,5.520825842799648,FIFO,0.85
613,6.126167936270624,FIFO,0.85
614,5.662317686146055,FIFO,0.85
615,7.0008227500889975,FIFO,0.85
616,7.1956679229486005,FIFO,0.85
617,6.359798060758123,FIFO,0.85
618,5.665674898338251,FIFO,0.85
619,5.172684232943432,FIFO,0.85
620,5.808114733996009,FIFO,0.85
621,6.7622421729991755,FIFO,0.85
622,5.330690993710213,FIFO,0.85
623,5.308863407196291,FIFO,0.85
624,6.437172349875792,FIFO,0.85
625,6.90743720409146,FIFO,0.85
626,6.29247889339014,FIFO,0.85
627,6.024112645798903,FIFO,0.85
628,5.751907875074669,FIFO,0.85
629,5.62346889807925,FIFO,0.85
630,5.62145436457029,FIFO,0.85
631,7.220488449440992,FIFO,0.85
632,6.841520802176798,FIFO,0.85
633,5.495833162846861,FIFO,0.85
634,6.934890792487957,FIFO,0.85
635,6.515610211730374,FIFO,0.85
636,5.880214301951882,FIFO,0.85
637,6.067067260025708,FIFO,0.85
638,5.476901867242255,FIFO,0.85
639,5.772636680138439,FIFO,0.85
640,5.71939008305715,FIFO,0.85
641,7.259449304918326,FIFO,0.85
642,6.369455560700377,FIFO,0.85
643,5.51663133405117,FIFO,0.85
644,6.207746687741211,FIFO,0.85
645,5.167266876177743,FIFO,0.85
646,5.505045709320926,FIFO,0.85
647,5.182354037897757,FIFO,0.85
648,6.473792550417886,FIFO,0.85
649,6.046499131122003,FIFO,0.85
650,5.708823721085747,FIFO,0.85
651,6.4854811705556425,FIFO,0.85
652,6.420955002226543,FIFO,0.85
653,6.435962165435388,FIFO,0.85
654,5.327101172983533,FIFO,0.85
655,7.1492139494370655,FIFO,0.85
656,5.612751406429841,FIFO,0.85
657,6.067314744344641,FIFO,0.85
658,6.10543027389039,FIFO,0.85
659,6.25561603423169,FIFO,0.85
660,5.413407273692551,FIFO,0.85
661,5.451436766116268,FIFO,0.85
662,6.666045255801969,FIFO,0.85
663,6.466261541083245,FIFO,0.85
664,6.339884748881473,FIFO,0.85
665,5.942877311709366,FIFO,0.85
666,5.193501874333999,FIFO,0.85
667,6.305154098962378,FIFO,0.85
668,6.263140509224373,FIFO,0.85
669,5.033122726691824,FIFO,0.85
670,6.54426509458154,FIFO,0.85
671,5.681196172084713,FIFO,0.85
672,5.547775913919965,FIFO,0.85
673,5.03078529885622,FIFO,0.85
674,6.232736655089906,FIFO,0.85
675,5.936209155123494,FIFO,0.85
676,6.122362380724251,FIFO,0.85
677,5.2697340411572355,FIFO,0.85
678,5.902579593543242,FIFO,0.85
679,6.201277544626181,FIFO,0.85
680,7.188172639310189,FIFO,0.85
681,6.025665283950399,FIFO,0.85
682,6.370954943072489,FIFO,0.85
683,5.857028610609199,FIFO,0.85
684,5.100613577365294,FIFO,0.85
685,6.871717233774574,FIFO,0.85
686,5.190382240799909,FIFO,0.85
687,6.189400737856659,FIFO,0.85
688,6.684883278609977,FIFO,0.85
689,6.051745878188766,FIFO,0.85
690,6.800168857135274,FIFO,0.85
691,6.099817135535182,FIFO,0.85
692,4.798767151383472,FIFO,0.85
693,6.736842423708335,FIFO,0.85
694,4.9259629340942075,FIFO,0.85
695,5.9680758860329615,FIFO,0.85
696,5.957260251134456,FIFO,0.85
697,5.967202175555733,FIFO,0.85
698,6.205804038308919,FIFO,0.85
699,5.253596633662557,FIFO,0.85
700,5.18141076684186,FIFO,0.85
701,5.753426183804737,FIFO,0.85
702,5.121705642505929,FIFO,0.85
703,5.192337211338216,FIFO,0.85
704,5.4427763388819095,FIFO,0.85
705,5.671652407021135,FIFO,0.85
706,6.133469105333552,FIFO,0.85
707,5.104586120835686,FIFO,0.85
708,5.827666196376842,FIFO,0.85
709,5.896784944589622,FIFO,0.85
710,5.8410274146947465,FIFO,0.85
711,5.167895664773642,FIFO,0.85
712,4.777531987404974,FIFO,0.85
713,5.386444841692549,FIFO,0.85
714,6.24634920648761,FIFO,0.85
715,6.91420904224785,FIFO,0.85
716,6.525881891648244,FIFO,0.85
717,6.037398259528096,FIFO,0.85
718,6.579903110388372,FIFO,0.85
719,6.052096424824297,FIFO,0.85
720,6.971584433346116,FIFO,0.85
721,6.223129175659669,FIFO,0.85
722,6.156807048036171,FIFO,0.85
723,7.376253514271623,FIFO,0.85
724,7.074133673155666,FIFO,0.85
725,5.6185843426469715,FIFO,0.85
726,6.510567384497235,FIFO,0.85
727,5.356004055406884,FIFO,0.85
728,5.740286901984407,FIFO,0.85
729,5.80220116593859,FIFO,0.85
730,5.937626747640203,FIFO,0.85
731,6.011625594203147,FIFO,0.85
732,5.454745051907688,FIFO,0.85
733,6.740251904546841,FIFO,0.85
734,6.769977935719119,FIFO,0.85
735,5.3149815672493235,FIFO,0.85
736,5.969753645755073,FIFO,0.85
737,5.781956687042468,FIFO,0.85
738,6.799749818214618,FIFO,0.85
739,8.179147559288282,FIFO,0.85
740,7.108582192167538,FIFO,0.85
741,5.6823524426752385,FIFO,0.85
742,4.806583140469664,FIFO,0.85
743,5.696668995009875,FIFO,0.85
744,5.4577719406038,FIFO,0.85
745,5.137733543483082,FIFO,0.85
746,6.79080476211904,FIFO,0.85
747,5.856380096769139,FIFO,0.85
748,5.511199792011249,FIFO,0.85
749,5.124503306725521,FIFO,0.85
750,5.5154819943113536,FIFO,0.85
751,5.731864510553401,FIFO,0.85
752,5.949943012311743,FIFO,0.85
753,5.373275514910739,FIFO,0.85
754,5.795880560752093,FIFO,0.85
755,6.0831042914224405,FIFO,0.85
756,5.602512008160932,FIFO,0.85
757,5.88236674768554,FIFO,0.85
758,5.824016767350199,FIFO,0.85
759,5.654715384956205,FIFO,0.85
760,5.586786022982236,FIFO,0.85
761,5.92937347149589,FIFO,0.85
762,6.991152088323265,FIFO,0.85
763,7.045328659191618,FIFO,0.85
764,5.988498092850551,FIFO,0.85
765,7.077317294127434,FIFO,0.85
766,6.700878835675999,FIFO,0.85
767,5.924946403191348,FIFO,0.85
768,5.93205814128788,FIFO,0.85
769,5.716319775279646,FIFO,0.85
770,5.2800649343096335,FIFO,0.85
771,5.0532109649344115,FIFO,0.85
772,5.337403595532651,FIFO,0.85
773,6.940162208757147,FIFO,0.85
774,5.371276415720196,FIFO,0.85
775,6.271399117751525,FIFO,0.85
776,6.195037320953752,FIFO,0.85
777,6.664926856821391,FIFO,0.85
778,5.889483500937812,FIFO,0.85
779,6.24402784708595,FIFO,0.85
780,6.311018380056425,FIFO,0.85
781,6.062233429372034,FIFO,0.85
782,5.4670139607537305,FIFO,0.85
783,5.882054466056276,FIFO,0.85
784,5.938742831188801,FIFO,0.85
785,5.118266744433357,FIFO,0.85
786,5.2292506261442,FIFO,0.85
787,5.108851773999299,FIFO,0.85
788,5.785788073779614,FIFO,0.85
789,5.787522818885771,FIFO,0.85
790,5.9602253488113766,FIFO,0.85
791,5.281642936682724,FIFO,0.85
792,6.0493893003736465,FIFO,0.85
793,5.551505328339172,FIFO,0.85
794,7.357577484064216,FIFO,0.85
795,6.247980096971636,FIFO,0.85
796,5.520645976955295,FIFO,0.85
797,6.925725350251285,FIFO,0.85
798,5.167447109189526,FIFO,0.85
799,5.840589381085792,FIFO,0.85
800,5.880135053163962,FIFO,0.85
801,6.871333910624585,FIFO,0.85
802,6.157073481693052,FIFO,0.85
803,6.7500912058863305,FIFO,0.85
804,5.495925201722731,FIFO,0.85
805,5.822399599820415,FIFO,0.85
806,5.364015142323388,FIFO,0.85
807,4.821057255347854,FIFO,0.85
808,5.769253160003378,FIFO,0.85
809,5.69023469134395,FIFO,0.85
810,5.573683355993728,FIFO,0.85
811,6.9243669235558,FIFO,0.85
812,5.870771978713781,FIFO,0.85
813,5.387298431582205,FIFO,0.85
814,5.981601385571856,FIFO,0.85
815,6.093832636864179,FIFO,0.85
816,5.748269539526365,FIFO,0.85
817,5.694808791391534,FIFO,0.85
818,5.670119266407854,FIFO,0.85
819,6.039632044684634,FIFO,0.85
820,6.666894204734516,FIFO,0.85
821,6.94244812261014,FIFO,0.85
822,5.88649399627472,FIFO,0.85
823,6.340199205151324,FIFO,0.85
824,6.842272373106701,FIFO,0.85
825,6.241582204276374,FIFO,0.85
826,5.762504329661425,FIFO,0.85
827,5.736356634694648,FIFO,0.85
828,5.5053881065792325,FIFO,0.85
829,6.198867092055851,FIFO,0.85
830,6.287020227036374,FIFO,0.85
831,7.609841788035851,FIFO,0.85
832,5.278566477661824,FIFO,0.85
833,6.226862869793802,FIFO,0.85
834,6.298220107543517,FIFO,0.85
835,5.2537029906107575,FIFO,0.85
836,6.473556120698552,FIFO,0.85
837,6.559500407287883,FIFO,0.85
838,5.62209020248516,FIFO,0.85
839,6.02979627686974,FIFO,0.85
840,6.285582387285428,FIFO,0.85
841,6.0617597313840035,FIFO,0.85
842,5.558015930049562,FIFO,0.85
843,6.233091216171788,FIFO,0.85
844,6.185733045930141,FIFO,0.85
845,5.539085159413504,FIFO,0.85
846,5.320337230962933,FIFO,0.85
847,5.83892424200151,FIFO,0.85
848,5.323314758253659,FIFO,0.85
849,5.518330288133428,FIFO,0.85
850,5.213450243322257,FIFO,0.85
851,5.478001578757335,FIFO,0.85
852,6.396808609042068,FIFO,0.85
853,5.4887918222889756,FIFO,0.85
854,5.351921374411209,FIFO,0.85
855,5.609188121450234,FIFO,0.85
856,5.2756070553217,FIFO,0.85
857,5.860677769485992,FIFO,0.85
858,6.6329378906620375,FIFO,0.85
859,5.457771183868312,FIFO,0.85
860,5.766899504466612,FIFO,0.85
861,6.246749235947135,FIFO,0.85
862,5.677683309375653,FIFO,0.85
863,6.313998795741271,FIFO,0.85
864,6.115938695370927,FIFO,0.85
865,5.987639982575522,FIFO,0.85
866,5.775183685434823,FIFO,0.85
867,6.966510892750558,FIFO,0.85
868,7.439018688042825,FIFO,0.85
869,5.8633997814944,FIFO,0.85
870,5.221994276744126,FIFO,0.85
871,6.0929060107121105,FIFO,0.85
872,6.216273202579581,FIFO,0.85
873,6.2560955649318855,FIFO,0.85
874,5.478075870515361,FIFO,0.85
875,5.439631510570297,FIFO,0.85
876,6.813553999631569,FIFO,0.85
877,5.708873402741658,FIFO,0.85
878,6.701971058689404,FIFO,0.85
879,5.758609080888155,FIFO,0.85
880,6.377079369342371,FIFO,0.85
881,5.624601360834573,FIFO,0.85
882,6.029290978614512,FIFO,0.85
883,5.526051218950116,FIFO,0.85
884,5.9869669157674315,FIFO,0.85
885,5.088113509114483,FIFO,0.85
886,5.192040731760775,FIFO,0.85
887,5.7106604221846915,FIFO,0.85
888,6.76490289385868,FIFO,0.85
889,6.017366498457346,FIFO,0.85
890,5.8351222588817455,FIFO,0.85
891,8.05520982980191,FIFO,0.85
892,5.34683513982954,FIFO,0.85
893,5.007967232278528,FIFO,0.85
894,5.906140420341356,FIFO,0.85
895,6.115053428482927,FIFO,0.85
896,5.578575755468429,FIFO,0.85
897,6.282341133311865,FIFO,0.85
898,5.723910762521922,FIFO,0.85
899,5.000458070706866,FIFO,0.85
900,6.144224715551553,FIFO,0.85
901,6.768649549644779,FIFO,0.85
902,5.882380377776663,FIFO,0.85
903,7.346233047052345,FIFO,0.85
904,5.662272408847004,FIFO,0.85
905,5.582494123307801,FIFO,0.85
906,5.657978431174573,FIFO,0.85
907,5.16859834458249,FIFO,0.85
908,6.073496105725906,FIFO,0.85
909,6.585585024615749,FIFO,0.85
910,5.576097628397516,FIFO,0.85
911,6.3127265826848005,FIFO,0.85
912,7.259213224875652,FIFO,0.85
913,5.821415959637869,FIFO,0.85
914,5.978960528456475,FIFO,0.85
915,5.832730496238071,FIFO,0.85
916,5.302813571470814,FIFO,0.85
917,6.379509352692224,FIFO,0.85
918,6.131219059547602,FIFO,0.85
919,5.594225920341408,FIFO,0.85
920,6.919035004003533,FIFO,0.85
921,7.167634575764704,FIFO,0.85
922,5.495861203557833,FIFO,0.85
923,5.878983513551833,FIFO,0.85
924,7.065160201066175,FIFO,0.85
925,6.08137020196285,FIFO,0.85
926,5.1171501320841015,FIFO,0.85
927,5.526423130697623,FIFO,0.85
928,5.822179528923182,FIFO,0.85
929,5.489455523203051,FIFO,0.85
930,6.399101497407477,FIFO,0.85
931,5.853143444693066,FIFO,0.85
932,5.9954568671188735,FIFO,0.85
933,6.299807571142474,FIFO,0.85
934,5.80771342482707,FIFO,0.85
935,6.670396052859239,FIFO,0.85
936,6.330426660286511,FIFO,0.85
937,4.940688219039945,FIFO,0.85
938,5.197723436637561,FIFO,0.85
939,6.013976256177288,FIFO,0.85
940,5.774313247009126,FIFO,0.85
941,6.052058105528453,FIFO,0.85
942,6.598843511655202,FIFO,0.85
943,6.4536016795445015,FIFO,0.85
944,6.333528816693506,FIFO,0.85
945,6.087829775965757,FIFO,0.85
946,4.77564188548703,FIFO,0.85
947,5.140060259719377,FIFO,0.85
948,4.833892673641049,FIFO,0.85
949,6.481141099859662,FIFO,0.85
950,5.334986407565056,FIFO,0.85
951,4.901551915263115,FIFO,0.85
952,6.13577658639787,FIFO,0.85
953,7.282970314548302,FIFO,0.85
954,5.66921764105734,FIFO,0.85
955,5.519198671545283,FIFO,0.85
956,6.218211773785707,FIFO,0.85
957,6.236045967028276,FIFO,0.85
958,6.324064065769235,FIFO,0.85
959,6.190430771718442,FIFO,0.85
960,5.694106674656876,FIFO,0.85
961,5.40123978845565,FIFO,0.85
962,6.05711705190226,FIFO,0.85
963,5.412239873677207,FIFO,0.85
964,5.156113008301456,FIFO,0.85
965,5.564529173330663,FIFO,0.85
966,5.396602953400926,FIFO,0.85
967,5.134176791474136,FIFO,0.85
968,6.473014708404435,FIFO,0.85
969,5.92253915895018,FIFO,0.85
970,5.995727777747552,FIFO,0.85
971,5.40451745266962,FIFO,0.85
972,5.2375217833037,FIFO,0.85
973,5.57496514466877,FIFO,0.85
974,6.401967802548398,FIFO,0.85
975,6.4400661801672,FIFO,0.85
976,5.005966110809777,FIFO,0.85
977,5.339110151841892,FIFO,0.85
978,6.009231388185681,FIFO,0.85
979,6.090823516620193,FIFO,0.85
980,6.582256884101891,FIFO,0.85
981,6.134800444513158,FIFO,0.85
982,6.419673309792444,FIFO,0.85
983,6.332589443372678,FIFO,0.85
984,6.403948207401819,FIFO,0.85
985,5.439380326262166,FIFO,0.85
986,7.02658436580932,FIFO,0.85
987,6.4639969496965355,FIFO,0.85
988,6.204646652588954,FIFO,0.85
989,6.116445362676045,FIFO,0.85
990,5.847938537056115,FIFO,0.85
991,6.450856381605751,FIFO,0.85
992,6.774328191173624,FIFO,0.85
993,5.582042818991353,FIFO,0.85
994,5.539299967213455,FIFO,0.85
995,6.5235441734479345,FIFO,0.85
996,6.6191323734319685,FIFO,0.85
997,6.023980241988553,FIFO,0.85
998,5.752389568349562,FIFO,0.85
999,5.511245756648507,FIFO,0.85
1000,12.362187774950161,FIFO,0.9
1001,9.0952062904667,FIFO,0.9
1002,8.5792361097469,FIFO,0.9
1003,9.844194962981147,FIFO,0.9
1004,10.0968849550096,FIFO,0.9
1005,9.766841927694118,FIFO,0.9
1006,9.042224241026226,FIFO,0.9
1007,11.530042600659444,FIFO,0.9
1008,8.542878052193739,FIFO,0.9
1009,7.822778892234192,FIFO,0.9
1010,9.344275337185701,FIFO,0.9
1011,7.76467765263135,FIFO,0.9
1012,7.507629506349657,FIFO,0.9
1013,10.459950217882565,FIFO,0.9
1014,8.324707138652927,FIFO,0.9
1015,7.957671529904471,FIFO,0.9
1016,7.481253274936765,FIFO,0.9
1017,8.762982699936206,FIFO,0.9
1018,7.529482890612061,FIFO,0.9
1019,8.607546471220314,FIFO,0.9
1020,7.921951922427781,FIFO,0.9
1021,9.003344151657181,FIFO,0.9
1022,8.880206258648322,FIFO,0.9
1023,10.080877543433116,FIFO,0.9
1024,10.288493254261033,FIFO,0.9
1025,8.926372313354022,FIFO,0.9
1026,7.579949842158708,FIFO,0.9
1027,9.742058392536139,FIFO,0.9
1028,8.407432709973552,FIFO,0.9
1029,8.49395441368081,FIFO,0.9
1030,10.089704763227346,FIFO,0.9
1031,7.750438615160478,FIFO,0.9
1032,11.72489772731836,FIFO,0.9
1033,10.596722029779647,FIFO,0.9
1034,10.520394610273971,FIFO,0.9
1035,10.59276565793599,FIFO,0.9
1036,12.135461240782213,FIFO,0.9
1037,7.817350939937755,FIFO,0.9
1038,9.017143008583899,FIFO,0.9
1039,9.744068212486315,FIFO,0.9
1040,8.316692596363325,FIFO,0.9
1041,9.142998324585083,FIFO,0.9
1042,9.501962865190807,FIFO,0.9
1043,8.68023541607353,FIFO,0.9
1044,8.213651327204808,FIFO,0.9
1045,13.23086735362344,FIFO,0.9
1046,8.248639993047874,FIFO,0.9
1047,8.933639204465216,FIFO,0.9
1048,10.149265924734364,FIFO,0.9
1049,9.979303341223256,FIFO,0.9
1050,11.25446005652946,FIFO,0.9
1051,9.100877088995697,FIFO,0.9
1052,9.727213428450256,FIFO,0.9
1053,7.7989639857921444,FIFO,0.9
1054,8.143229961303696,FIFO,0.9
1055,12.322348198654069,FIFO,0.9
1056,9.459432220009234,FIFO,0.9
1057,8.722100419471278,FIFO,0.9
1058,7.027663108582591,FIFO,0.9
1059,8.875582347553989,FIFO,0.9
1060,9.791649124132661,FIFO,0.9
1061,11.35511525004491,FIFO,0.9
1062,9.804228742279289,FIFO,0.9
1063,8.144599251878796,FIFO,0.9
1064,9.585346075769595,FIFO,0.9
1065,9.666521282400877,FIFO,0.9
1066,8.821101854750049,FIFO,0.9
1067,11.156501218623566,FIFO,0.9
1068,10.921825406489534,FIFO,0.9
1069,6.7035220574617895,FIFO,0.9
1070,8.823854230124178,FIFO,0.9
1071,7.664485872262149,FIFO,0.9
1072,9.910992415431362,FIFO,0.9
1073,9.036380397460038,FIFO,0.9
1074,7.165762613260831,FIFO,0.9
1075,8.541023675817737,FIFO,0.9
1076,7.214782454333807,FIFO,0.9
1077,7.592154759176067,FIFO,0.9
1078,8.243111915191506,FIFO,0.9
1079,21.208532812058657,FIFO,0.9
1080,8.52538615974175,FIFO,0.9
1081,7.396477640563986,FIFO,0.9
1082,8.596515579230088,FIFO,0.9
1083,8.194806235245492,FIFO,0.9
1084,8.993058743582763,FIFO,0.9
1085,9.021831148301324,FIFO,0.9
1086,8.376606094967874,FIFO,0.9
1087,8.951158565819865,FIFO,0.9
1088,8.462755004209676,FIFO,0.9
1089,10.281171569129876,FIFO,0.9
1090,9.460256072368596,FIFO,0.9
1091,8.782252098830169,FIFO,0.9
1092,9.826020689713612,FIFO,0.9
1093,7.975454209889596,FIFO,0.9
1094,8.744094655571256,FIFO,0.9
1095,9.873121563071338,FIFO,0.9
1096,10.590704753865916,FIFO,0.9
1097,9.471259102331056,FIFO,0.9
1098,10.378443766727916,FIFO,0.9
1099,9.807808626606377,FIFO,0.9
1100,9.095488214650679,FIFO,0.9
1101,8.48190564744278,FIFO,0.9
1102,9.162697595760465,FIFO,0.9
1103,9.481438579324179,FIFO,0.9
1104,8.963711174858174,FIFO,0.9
1105,9.045579683825595,FIFO,0.9
1106,9.717924007081725,FIFO,0.9
1107,13.253661417646278,FIFO,0.9
1108,10.335691670830816,FIFO,0.9
1109,6.987666465944121,FIFO,0.9
1110,8.13789103628398,FIFO,0.9
1111,8.679575451190338,FIFO,0.9
1112,8.197769710302845,FIFO,0.9
1113,8.3704332393039,FIFO,0.9
1114,9.395681613526602,FIFO,0.9
1115,6.76080994164325,FIFO,0.9
1116,9.916272989434187,FIFO,0.9
1117,7.815064636131183,FIFO,0.9
1118,7.7637426046221885,FIFO,0.9
1119,7.984894816354198,FIFO,0.9
1120,10.222726729586496,FIFO,0.9
1121,7.002711938950872,FIFO,0.9
1122,8.460998352777919,FIFO,0.9
1123,9.266585252769309,FIFO,0.9
1124,10.098166900486236,FIFO,0.9
1125,7.9791711862745345,FIFO,0.9
1126,8.619081329225205,FIFO,0.9
1127,9.839799401464587,FIFO,0.9
1128,9.140887663580541,FIFO,0.9
1129,8.250341907792999,FIFO,0.9
1130,7.75653334945914,FIFO,0.9
1131,8.238329591890961,FIFO,0.9
1132,10.013680741111346,FIFO,0.9
1133,9.707630423381119,FIFO,0.9
1134,10.694706099178935,FIFO,0.9
1135,8.033656139358452,FIFO,0.9
1136,11.270140001738035,FIFO,0.9
1137,10.82798017735153,FIFO,0.9
1138,8.111068068260758,FIFO,0.9
1139,8.618891113276446,FIFO,0.9
1140,12.004075323270843,FIFO,0.9
1141,9.442216483398091,FIFO,0.9
1142,10.710665021586562,FIFO,0.9
1143,9.44259512124274,FIFO,0.9
1144,10.690276397888232,FIFO,0.9
1145,9.423782596830959,FIFO,0.9
1146,7.877378054428413,FIFO,0.9
1147,7.267627875003731,FIFO,0.9
1148,10.632446013556379,FIFO,0.9
1149,12.898862577295027,FIFO,0.9
1150,8.252741614652331,FIFO,0.9
1151,9.788957804905653,FIFO,0.9
1152,7.217668514882161,FIFO,0.9
1153,11.53773462830695,FIFO,0.9
1154,11.464041208501627,FIFO,0.9
1155,8.196396185497138,FIFO,0.9
1156,9.065983094254973,FIFO,0.9
1157,11.204278668899919,FIFO,0.9
1158,13.040392170105576,FIFO,0.9
1159,8.64835114354791,FIFO,0.9
1160,10.097428328219344,FIFO,0.9
1161,7.985736066895377,FIFO,0.9
1162,10.525103892130062,FIFO,0.9
1163,9.911340237293217,FIFO,0.9
1164,10.707187487477873,FIFO,0.9
1165,9.210301831114501,FIFO,0.9
1166,8.416507333652408,FIFO,0.9
1167,8.279378915299558,FIFO,0.9
1168,9.869289021927981,FIFO,0.9
1169,9.373127120957257,FIFO,0.9
1170,7.968274819258106,FIFO,0.9
1171,8.794330269648695,FIFO,0.9
1172,17.116976644742348,FIFO,0.9
1173,8.196099877723018,FIFO,0.9
1174,9.04451598691051,FIFO,0.9
1175,10.50570349851651,FIFO,0.9
1176,8.701832524682706,FIFO,0.9
1177,9.943139858629385,FIFO,0.9
1178,11.79017121071853,FIFO,0.9
1179,9.393302783708474,FIFO,0.9
1180,9.79033320422196,FIFO,0.9
1181,9.231030494374876,FIFO,0.9
1182,8.82838773579363,FIFO,0.9
1183,6.936635075445908,FIFO,0.9
1184,8.102749892234073,FIFO,0.9
1185,10.024548337707381,FIFO,0.9
1186,8.681074751398144,FIFO,0.9
1187,11.187063261647298,FIFO,0.9
1188,8.077843825200762,FIFO,0.9
1189,8.063995819852112,FIFO,0.9
1190,8.33256067812426,FIFO,0.9
1191,9.86701349701233,FIFO,0.9
1192,8.535987881525744,FIFO,0.9
1193,8.442915451815312,FIFO,0.9
1194,9.298659478783966,FIFO,0.9
1195,8.899564704108867,FIFO,0.9
1196,9.990563541514826,FIFO,0.9
1197,10.357792847640905,FIFO,0.9
1198,11.80415360811449,FIFO,0.9
1199,8.433258970605287,FIFO,0.9
1200,9.721775008115971,FIFO,0.9
1201,11.231327724910335,FIFO,0.9
1202,8.94241429952086,FIFO,0.9
1203,10.883350888238853,FIFO,0.9
1204,9.914097549418933,FIFO,0.9
1205,7.360021754053647,FIFO,0.9
1206,8.99400744573522,FIFO,0.9
1207,8.143887233200692,FIFO,0.9
1208,8.755441483202462,FIFO,0.9
1209,9.947795481009493,FIFO,0.9
1210,9.024941240282342,FIFO,0.9
1211,7.988853718424073,FIFO,0.9
1212,9.635325980278974,FIFO,0.9
1213,7.672293782598033,FIFO,0.9
1214,8.387531694070638,FIFO,0.9
1215,9.191985882612336,FIFO,0.9
1216,7.832714511820201,FIFO,0.9
1217,12.165780274520909,FIFO,0.9
1218,8.056913147181232,FIFO,0.9
1219,10.521663106433534,FIFO,0.9
1220,10.577957568347122,FIFO,0.9
1221,8.737908935189301,FIFO,0.9
1222,10.11787971569234,FIFO,0.9
1223,7.136421703706823,FIFO,0.9
1224,9.536680970704195,FIFO,0.9
1225,7.906819559974021,FIFO,0.9
1226,8.31498933151636,FIFO,0.9
1227,7.8724735387259575,FIFO,0.9
1228,8.305756084711955,FIFO,0.9
1229,9.039747185912676,FIFO,0.9
1230,9.125972903371974,FIFO,0.9
1231,9.804967038707165,FIFO,0.9
1232,10.265978070435027,FIFO,0.9
1233,13.750955365402438,FIFO,0.9
1234,7.012670479150486,FIFO,0.9
1235,8.640377047415917,FIFO,0.9
1236,10.872957035035398,FIFO,0.9
1237,8.43542607700151,FIFO,0.9
1238,9.911902542904148,FIFO,0.9
1239,10.832575360419968,FIFO,0.9
1240,9.655427785660148,FIFO,0.9
1241,11.418555534168444,FIFO,0.9
1242,11.065471285167677,FIFO,0.9
1243,8.975625110225444,FIFO,0.9
1244,13.407593829110178,FIFO,0.9
1245,12.173537425914436,FIFO,0.9
1246,12.304181217352097,FIFO,0.9
1247,10.686206771297458,FIFO,0.9
1248,8.767798857075102,FIFO,0.9
1249,8.881604079955002,FIFO,0.9
1250,11.317905526902376,FIFO,0.9
1251,9.551926922567503,FIFO,0.9
1252,11.409912991717853,FIFO,0.9
1253,9.410949779551496,FIFO,0.9
1254,9.380785771133942,FIFO,0.9
1255,10.522748696211435,FIFO,0.9
1256,11.415688429549235,FIFO,0.9
1257,9.379670203108029,FIFO,0.9
1258,7.141989500455978,FIFO,0.9
1259,8.140056443552075,FIFO,0.9
1260,8.835100857082846,FIFO,0.9
1261,9.658565468113563,FIFO,0.9
1262,7.542300442909861,FIFO,0.9
1263,8.931815714634615,FIFO,0.9
1264,8.103390733895461,FIFO,0.9
1265,8.209684270061045,FIFO,0.9
1266,10.304576693533853,FIFO,0.9
1267,7.522206824610125,FIFO,0.9
1268,10.284020841430896,FIFO,0.9
1269,8.925878457929747,FIFO,0.9
1270,12.787786097287425,FIFO,0.9
1271,8.328676356420006,FIFO,0.9
1272,7.8794806393662435,FIFO,0.9
1273,8.289819600155704,FIFO,0.9
1274,10.219872396610564,FIFO,0.9
1275,8.111046127361039,FIFO,0.9
1276,8.080351332538699,FIFO,0.9
1277,11.920201768996757,FIFO,0.9
1278,8.142134889681333,FIFO,0.9
1279,9.839115310341176,FIFO,0.9
1280,10.25249451938501,FIFO,0.9
1281,8.86023367568158,FIFO,0.9
1282,7.663387749577414,FIFO,0.9
1283,9.53759284233675,FIFO,0.9
1284,13.648880774628001,FIFO,0.9
1285,9.344499558553004,FIFO,0.9
1286,7.575485132739045,FIFO,0.9
1287,9.636029902211463,FIFO,0.9
1288,8.440292048666077,FIFO,0.9
1289,8.511595225001571,FIFO,0.9
1290,7.332307046645204,FIFO,0.9
1291,11.602549134619483,FIFO,0.9
1292,8.929150306213579,FIFO,0.9
1293,9.253185876516856,FIFO,0.9
1294,8.433170055184911,FIFO,0.9
1295,9.09129574514027,FIFO,0.9
1296,10.841806381346776,FIFO,0.9
1297,9.051114041028276,FIFO,0.9
1298,8.382492539660472,FIFO,0.9
1299,9.997148426439386,FIFO,0.9
1300,11.36400482541864,FIFO,0.9
1301,10.533496962402259,FIFO,0.9
1302,8.191445485856931,FIFO,0.9
1303,9.399045423549081,FIFO,0.9
1304,7.974948642602651,FIFO,0.9
1305,10.470453041904458,FIFO,0.9
1306,8.887754028286182,FIFO,0.9
1307,8.619928104435786,FIFO,0.9
1308,10.48985206472862,FIFO,0.9
1309,9.986695968893372,FIFO,0.9
1310,8.52994025938682,FIFO,0.9
1311,7.392091330230016,FIFO,0.9
1312,7.412474324025712,FIFO,0.9
1313,8.730769454673672,FIFO,0.9
1314,11.214992183302318,FIFO,0.9
1315,7.845602344063651,FIFO,0.9
1316,8.572620982863459,FIFO,0.9
1317,10.407736386265999,FIFO,0.9
1318,8.172707287032198,FIFO,0.9
1319,10.472467849855832,FIFO,0.9
1320,9.54791715379613,FIFO,0.9
1321,10.352730424611499,FIFO,0.9
1322,9.448941663333317,FIFO,0.9
1323,12.498663534414845,FIFO,0.9
1324,8.484403276870852,FIFO,0.9
1325,6.483841322001191,FIFO,0.9
1326,10.137943530048043,FIFO,0.9
1327,7.778442655056139,FIFO,0.9
1328,9.851626944310485,FIFO,0.9
1329,10.319086420439461,FIFO,0.9
1330,7.818044736957415,FIFO,0.9
1331,8.741490392000852,FIFO,0.9
1332,11.784403171385394,FIFO,0.9
1333,8.77472269214049,FIFO,0.9
1334,8.923465466209239,FIFO,0.9
1335,11.90299197275643,FIFO,0.9
1336,8.852772990820455,FIFO,0.9
1337,9.561578011485054,FIFO,0.9
1338,10.365738240834153,FIFO,0.9
1339,9.844774868250225,FIFO,0.9
1340,9.126092567418285,FIFO,0.9
1341,8.389531637592178,FIFO,0.9
1342,10.810482467619002,FIFO,0.9
1343,8.746341324450507,FIFO,0.9
1344,8.256511388379442,FIFO,0.9
1345,9.57744935043525,FIFO,0.9
1346,7.391107620083142,FIFO,0.9
1347,9.051705748729807,FIFO,0.9
1348,8.149280313112836,FIFO,0.9
1349,9.833035900170245,FIFO,0.9
1350,7.99050806487611,FIFO,0.9
1351,10.667804670540166,FIFO,0.9
1352,8.217469922049599,FIFO,0.9
1353,8.881679755961441,FIFO,0.9
1354,9.936878375139397,FIFO,0.9
1355,9.084426056246958,FIFO,0.9
1356,9.756237925363957,FIFO,0.9
1357,9.324882647957526,FIFO,0.9
1358,10.338479252266628,FIFO,0.9
1359,8.4757967486861,FIFO,0.9
1360,8.70040109697585,FIFO,0.9
1361,9.68636394346411,FIFO,0.9
1362,8.98449898321052,FIFO,0.9
1363,12.561045185853233,FIFO,0.9
1364,9.103486229853486,FIFO,0.9
1365,10.02598956748496,FIFO,0.9
1366,9.504518665737626,FIFO,0.9
1367,10.046648985762525,FIFO,0.9
1368,9.334187328929993,FIFO,0.9
1369,10.324507363177007,FIFO,0.9
1370,7.651167540043933,FIFO,0.9
1371,10.350228459121986,FIFO,0.9
1372,8.683810866469713,FIFO,0.9
1373,10.085809405037976,FIFO,0.9
1374,7.389377527455697,FIFO,0.9
1375,10.040005464518513,FIFO,0.9
1376,11.095256667872736,FIFO,0.9
1377,7.2111423467496465,FIFO,0.9
1378,9.930516752073553,FIFO,0.9
1379,10.347891512559164,FIFO,0.9
1380,9.497732759933188,FIFO,0.9
1381,8.965604174260791,FIFO,0.9
1382,9.133137827773533,FIFO,0.9
1383,8.583294506253916,FIFO,0.9
1384,10.335440623004802,FIFO,0.9
1385,9.740900234794834,FIFO,0.9
1386,9.567242472221825,FIFO,0.9
1387,9.721536767320272,FIFO,0.9
1388,8.493119535216128,FIFO,0.9
1389,9.15329969332454,FIFO,0.9
1390,9.067586073275825,FIFO,0.9
1391,8.056993094339898,FIFO,0.9
1392,10.031113690594397,FIFO,0.9
1393,8.370878035939246,FIFO,0.9
1394,9.530048905984913,FIFO,0.9
1395,9.350187281802018,FIFO,0.9
1396,9.11822796099099,FIFO,0.9
1397,10.34614235110583,FIFO,0.9
1398,8.183382583727516,FIFO,0.9
1399,6.940599980167501,FIFO,0.9
1400,8.893295878737657,FIFO,0.9
1401,10.70763661747805,FIFO,0.9
1402,8.327364616896455,FIFO,0.9
1403,9.68177619491435,FIFO,0.9
1404,7.668327860375919,FIFO,0.9
1405,11.194337150929314,FIFO,0.9
1406,11.395084533749161,FIFO,0.9
1407,8.182268061695332,FIFO,0.9
1408,8.599054531157499,FIFO,0.9
1409,9.771398368618994,FIFO,0.9
1410,10.222036336921725,FIFO,0.9
1411,9.191990673979229,FIFO,0.9
1412,9.452272188900082,FIFO,0.9
1413,8.692834968040305,FIFO,0.9
1414,10.482902661700592,FIFO,0.9
1415,7.70637490969609,FIFO,0.9
1416,9.107772704575195,FIFO,0.9
1417,10.156925566760439,FIFO,0.9
1418,10.828136727891724,FIFO,0.9
1419,11.037667997249876,FIFO,0.9
1420,10.44923977938982,FIFO,0.9
1421,10.30114239810741,FIFO,0.9
1422,8.03964805684317,FIFO,0.9
1423,8.945161213685962,FIFO,0.9
1424,10.020253136998196,FIFO,0.9
1425,9.121094981773211,FIFO,0.9
1426,10.106030090083683,FIFO,0.9
1427,8.025610999162984,FIFO,0.9
1428,9.862667884021423,FIFO,0.9
1429,10.659852080477089,FIFO,0.9
1430,10.635073795391156,FIFO,0.9
1431,8.655739345985166,FIFO,0.9
1432,8.581128166577225,FIFO,0.9
1433,12.397247767678017,FIFO,0.9
1434,10.590092856701052,FIFO,0.9
1435,11.085925156376247,FIFO,0.9
1436,12.363984287216077,FIFO,0.9
1437,8.016458544711307,FIFO,0.9
1438,10.850087717967964,FIFO,0.9
1439,10.155824802520582,FIFO,0.9
1440,11.128937445657602,FIFO,0.9
1441,8.781717370027858,FIFO,0.9
1442,8.620459723368237,FIFO,0.9
1443,10.696258551412562,FIFO,0.9
1444,9.949503209082028,FIFO,0.9
1445,8.589735608646464,FIFO,0.9
1446,9.25794433991093,FIFO,0.9
1447,10.77245283520744,FIFO,0.9
1448,9.283825975872166,FIFO,0.9
1449,7.305242145266784,FIFO,0.9
1450,8.257539095336492,FIFO,0.9
1451,7.339180314201493,FIFO,0.9
1452,9.576022763857344,FIFO,0.9
1453,9.301938372243622,FIFO,0.9
1454,10.30936135075948,FIFO,0.9
1455,9.969271836255215,FIFO,0.9
1456,12.599965789096464,FIFO,0.9
1457,7.8673701900854764,FIFO,0.9
1458,9.621098466725568,FIFO,0.9
1459,9.501530393767919,FIFO,0.9
1460,10.299468552522873,FIFO,0.9
1461,10.168859139730909,FIFO,0.9
1462,10.165801171294978,FIFO,0.9
1463,9.308398952148677,FIFO,0.9
1464,9.39935159757426,FIFO,0.9
1465,10.213863604243395,FIFO,0.9
1466,9.24849277910701,FIFO,0.9
1467,9.212820506070397,FIFO,0.9
1468,8.317396293185492,FIFO,0.9
1469,11.255467874835873,FIFO,0.9
1470,8.976746132166985,FIFO,0.9
1471,8.070123569973061,FIFO,0.9
1472,10.937738645290544,FIFO,0.9
1473,8.328520034506841,FIFO,0.9
1474,11.53526094291154,FIFO,0.9
1475,10.396401190086335,FIFO,0.9
1476,7.868755408269999,FIFO,0.9
1477,8.29376784948304,FIFO,0.9
1478,10.341248703304617,FIFO,0.9
1479,8.26899690434445,FIFO,0.9
1480,10.17822963350745,FIFO,0.9
1481,8.05498874118891,FIFO,0.9
1482,7.906915240007271,FIFO,0.9
1483,10.6313373064787,FIFO,0.9
1484,9.098962548245062,FIFO,0.9
1485,7.78603192078171,FIFO,0.9
1486,9.328606344020919,FIFO,0.9
1487,10.812916263756648,FIFO,0.9
1488,9.924778435023835,FIFO,0.9
1489,8.707160502805879,FIFO,0.9
1490,9.205769109654417,FIFO,0.9
1491,8.270841072021009,FIFO,0.9
1492,10.43087957811917,FIFO,0.9
1493,9.354374595381218,FIFO,0.9
1494,7.905340971801795,FIFO,0.9
1495,10.472249533070206,FIFO,0.9
1496,9.39160040541036,FIFO,0.9
1497,8.31902987605668,FIFO,0.9
1498,8.992253440036318,FIFO,0.9
1499,12.511021699997848,FIFO,0.9
1500,2.9856388716636038,SJF,0.8
1501,3.043876918895628,SJF,0.8
1502,2.8361405345072073,SJF,0.8
1503,2.9705219412818034,SJF,0.8
1504,2.9830909161383627,SJF,0.8
1505,3.0175793796964774,SJF,0.8
1506,3.1041817142401515,SJF,0.8
1507,3.058762315607462,SJF,0.8
1508,3.143417670567547,SJF,0.8
1509,3.0483187273340513,SJF,0.8
1510,3.1256048458840957,SJF,0.8
1511,2.91980696812523,SJF,0.8
1512,3.0612016832200517,SJF,0.8
1513,2.9763159969152495,SJF,0.8
1514,3.0761278497930618,SJF,0.8
1515,3.0190799943859505,SJF,0.8
1516,3.211446803989575,SJF,0.8
1517,2.9918624899352384,SJF,0.8
1518,3.0647460341623134,SJF,0.8
1519,3.1960598562482985,SJF,0.8
1520,3.071137441054864,SJF,0.8
1521,3.075618948789847,SJF,0.8
1522,2.9746339364612635,SJF,0.8
1523,3.0536562213921976,SJF,0.8
1524,2.9908840393453664,SJF,0.8
1525,2.890025169146819,SJF,0.8
1526,3.051306675892043,SJF,0.8
1527,2.834062843392904,SJF,0.8
1528,3.069405518942728,SJF,0.8
1529,3.035109828526937,SJF,0.8
1530,2.9209191892990902,SJF,0.8
1531,3.0970619723335733,SJF,0.8
1532,3.0722209322609326,SJF,0.8
1533,3.02686941973605,SJF,0.8
1534,2.9994001630425675,SJF,0.8
1535,3.1652207548247753,SJF,0.8
1536,3.016941829530049,SJF,0.8
1537,3.06844667657566,SJF,0.8
1538,3.0170398732498085,SJF,0.8
1539,2.9168709670106727,SJF,0.8
1540,2.922210908512912,SJF,0.8
1541,2.976544227569915,SJF,0.8
1542,3.0216505626675927,SJF,0.8
1543,3.0366220393011987,SJF,0.8
1544,3.0808190469978625,SJF,0.8
1545,3.061340202765876,SJF,0.8
1546,3.0636764285226303,SJF,0.8
1547,2.9879807988228233,SJF,0.8
1548,3.0534639359339124,SJF,0.8
1549,3.150698257764589,SJF,0.8
1550,3.0139722040322523,SJF,0.8
1551,3.1229350805154463,SJF,0.8
1552,3.0805589154115878,SJF,0.8
1553,3.1097793513715786,SJF,0.8
1554,3.0333980199786246,SJF,0.8
1555,3.104634334256171,SJF,0.8
1556,2.9389787642253555,SJF,0.8
1557,3.078912574848684,SJF,0.8
1558,3.1501864993003887,SJF,0.8
1559,3.0711659375914935,SJF,0.8
1560,2.9507383241981198,SJF,0.8
1561,3.2455752623213114,SJF,0.8
1562,3.017717382624861,SJF,0.8
1563,3.2006448218736376,SJF,0.8
1564,2.9061714066362847,SJF,0.8
1565,3.0412858955714968,SJF,0.8
1566,2.967295255407023,SJF,0.8
1567,3.1771741760387844,SJF,0.8
1568,2.999412718843912,SJF,0.8
1569,3.0373153655571503,SJF,0.8
1570,2.8803571439399405,SJF,0.8
1571,3.1820610270113074,SJF,0.8
1572,3.054585614918892,SJF,0.8
1573,2.9448439486126863,SJF,0.8
1574,3.0674743968944016,SJF,0.8
1575,3.2151209952644457,SJF,0.8
1576,3.000739615628966,SJF,0.8
1577,2.905303978074123,SJF,0.8
1578,3.042588258671493,SJF,0.8
1579,3.0875871609838885,SJF,0.8
1580,3.068685380250166,SJF,0.8
1581,3.061673478912793,SJF,0.8
1582,2.993082625525073,SJF,0.8
1583,3.0242701839016526,SJF,0.8
1584,2.9457642574447114,SJF,0.8
1585,3.016100630934652,SJF,0.8
1586,3.205884443173806,SJF,0.8
1587,3.1036863481447328,SJF,0.8
1588,3.0219803080547774,SJF,0.8
1589,2.813653166511209,SJF,0.8
1590,3.131289614336224,SJF,0.8
1591,3.144858368598009,SJF,0.8
1592,2.9641905527410772,SJF,0.8
1593,3.0166284059362503,SJF,0.8
1594,2.9967199553748687,SJF,0.8
1595,3.140066955337643,SJF,0.8
1596,2.838384245805244,SJF,0.8
1597,2.8757202786245593,SJF,0.8
1598,3.2228214937013004,SJF,0.8
1599,2.955168349863926,SJF,0.8
1600,2.925705408364391,SJF,0.8
1601,2.9486989215962023,SJF,0.8
1602,3.067611938488387,SJF,0.8
1603,3.0185068082020603,SJF,0.8
1604,3.0399020961629453,SJF,0.8
1605,2.9675124282783933,SJF,0.8
1606,2.879039514162094,SJF,0.8
1607,3.0511209010986837,SJF,0.8
1608,3.050594992342352,SJF,0.8
1609,2.913758483900943,SJF,0.8
1610,3.090562893555086,SJF,0.8
1611,3.0664132064305187,SJF,0.8
1612,3.0924331022343328,SJF,0.8
1613,2.997578479782128,SJF,0.8
1614,3.020054988579385,SJF,0.8
1615,3.096687615365409,SJF,0.8
1616,3.0660509530734728,SJF,0.8
1617,3.2133729272447766,SJF,0.8
1618,3.116944227542459,SJF,0.8
1619,3.115571276340053,SJF,0.8
1620,2.9144624086443525,SJF,0.8
1621,3.133076919559459,SJF,0.8
1622,3.026895269535907,SJF,0.8
1623,3.1411921282359327,SJF,0.8
1624,3.08533962286504,SJF,0.8
1625,2.8723505869142425,SJF,0.8
1626,3.046974694072622,SJF,0.8
1627,3.0174867397637355,SJF,0.8
1628,2.980788764920825,SJF,0.8
1629,2.9916932144975594,SJF,0.8
1630,2.945006876610795,SJF,0.8
1631,3.043265743491705,SJF,0.8
1632,2.9890909502022054,SJF,0.8
1633,2.918411860708682,SJF,0.8
1634,3.0358601941809273,SJF,0.8
1635,2.948980284991714,SJF,0.8
1636,3.0392123525091015,SJF,0.8
1637,3.0925298912544728,SJF,0.8
1638,3.0423902043855624,SJF,0.8
1639,3.099851363917948,SJF,0.8
1640,3.07577508648455,SJF,0.8
1641,3.0167633227996347,SJF,0.8
1642,2.927695961770153,SJF,0.8
1643,3.10446304853642,SJF,0.8
1644,2.9633667643368446,SJF,0.8
1645,3.0565072914528337,SJF,0.8
1646,2.966068341048609,SJF,0.8
1647,3.0332562393541704,SJF,0.8
1648,2.91584606124025,SJF,0.8
1649,3.1001158897931353,SJF,0.8
1650,3.0512198168068276,SJF,0.8
1651,3.045846231699424,SJF,0.8
1652,2.8943392306776086,SJF,0.8
1653,2.952811871937988,SJF,0.8
1654,3.1722365904245833,SJF,0.8
1655,2.8976006024352383,SJF,0.8
1656,3.098594854077365,SJF,0.8
1657,2.9097441020553183,SJF,0.8
1658,2.9076985009834995,SJF,0.8
1659,3.0075230744430095,SJF,0.8
1660,2.970834114411343,SJF,0.8
1661,3.0170610232376474,SJF,0.8
1662,3.1014469491899486,SJF,0.8
1663,2.9762487358146283,SJF,0.8
1664,2.969688505846318,SJF,0.8
1665,3.0049204366576254,SJF,0.8
1666,2.9122586519291667,SJF,0.8
1667,2.962463154794503,SJF,0.8
1668,3.048823318926939,SJF,0.8
1669,3.0473673096775036,SJF,0.8
1670,3.009376988607017,SJF,0.8
1671,3.224052451718882,SJF,0.8
1672,3.0645777863659083,SJF,0.8
1673,2.9112190827448017,SJF,0.8
1674,3.140232400765312,SJF,0.8
1675,3.010816828653417,SJF,0.8
1676,3.047763287344147,SJF,0.8
1677,3.08065598678588,SJF,0.8
1678,3.1869269348561287,SJF,0.8
1679,3.1312629464679897,SJF,0.8
1680,3.116174439662294,SJF,0.8
1681,3.010921609106967,SJF,0.8
1682,3.0889376534022537,SJF,0.8
1683,3.2579819253414235,SJF,0.8
1684,3.0262965636331742,SJF,0.8
1685,3.159514780287782,SJF,0.8
1686,2.9515432589922925,SJF,0.8
1687,2.900098616053824,SJF,0.8
1688,3.0148131165589565,SJF,0.8
1689,2.9836361672295526,SJF,0.8
1690,3.0689569969322315,SJF,0.8
1691,3.03811577476798,SJF,0.8
1692,3.0207786939528667,SJF,0.8
1693,2.969651023991457,SJF,0.8
1694,2.9748472461843076,SJF,0.8
1695,3.147989292115293,SJF,0.8
1696,3.0951421407321975,SJF,0.8
1697,3.09637588705928,SJF,0.8
1698,2.9670580730300653,SJF,0.8
1699,3.005822585303477,SJF,0.8
1700,3.185515519767215,SJF,0.8
1701,2.980746948426565,SJF,0.8
1702,2.971315231983036,SJF,0.8
1703,3.124404688562581,SJF,0.8
1704,3.0897244383043354,SJF,0.8
1705,2.9522589221091677,SJF,0.8
1706,3.188232688820747,SJF,0.8
1707,2.994477328730359,SJF,0.8
1708,3.0353288733524897,SJF,0.8
1709,3.022552348991306,SJF,0.8
1710,3.0745837028074012,SJF,0.8
1711,2.947957508434736,SJF,0.8
1712,3.2369205848900755,SJF,0.8
1713,3.2676510239584386,SJF,0.8
1714,3.068892453610861,SJF,0.8
1715,2.8136312947821214,SJF,0.8
1716,3.0102695896446936,SJF,0.8
1717,3.073584772716042,SJF,0.8
1718,3.3371048516411435,SJF,0.8
1719,3.0728678877122744,SJF,0.8
1720,2.9788896781460457,SJF,0.8
1721,2.890268349132322,SJF,0.8
1722,3.0380197563429117,SJF,0.8
1723,3.0821840940590555,SJF,0.8
1724,2.9908965397687526,SJF,0.8
1725,3.0392466276132373,SJF,0.8
1726,3.0265174656743925,SJF,0.8
1727,3.154670538441468,SJF,0.8
1728,3.053086529145089,SJF,0.8
1729,2.9852649256228094,SJF,0.8
1730,3.044951437122043,SJF,0.8
1731,2.922563756891649,SJF,0.8
1732,2.9971134043379783,SJF,0.8
1733,2.937674583099121,SJF,0.8
1734,2.9405700331484086,SJF,0.8
1735,2.8894043165225263,SJF,0.8
1736,3.032641741477374,SJF,0.8
1737,3.079775601937087,SJF,0.8
1738,3.0320939420473914,SJF,0.8
1739,3.097516875929723,SJF,0.8
1740,2.8961179016119543,SJF,0.8
1741,3.0652961713547606,SJF,0.8
1742,3.115114261097795,SJF,0.8
1743,3.100922834886022,SJF,0.8
1744,3.0076337181242154,SJF,0.8
1745,3.0545087162986273,SJF,0.8
1746,3.032342535451757,SJF,0.8
1747,3.00318766186719,SJF,0.8
1748,2.9761134794782045,SJF,0.8
1749,3.039201426674154,SJF,0.8
1750,3.020301223038026,SJF,0.8
1751,2.871054157882305,SJF,0.8
1752,3.0054854369729984,SJF,0.8
1753,3.138496086446424,SJF,0.8
1754,3.1856353762134066,SJF,0.8
1755,2.93732691937749,SJF,0.8
1756,2.934937541287067,SJF,0.8
1757,2.909936185759062,SJF,0.8
1758,3.201147432570066,SJF,0.8
1759,3.024688459954243,SJF,0.8
1760,2.9950992658584115,SJF,0.8
1761,3.0708278837522527,SJF,0.8
1762,2.9536901487964933,SJF,0.8
1763,3.0856067343164213,SJF,0.8
1764,2.956811137966686,SJF,0.8
1765,3.1174611908765044,SJF,0.8
1766,3.143484562387027,SJF,0.8
1767,3.1124516905721293,SJF,0.8
1768,3.322792080108903,SJF,0.8
1769,2.9455170158674737,SJF,0.8
1770,2.965083166659613,SJF,0.8
1771,2.8718534319627858,SJF,0.8
1772,3.0948707698704854,SJF,0.8
1773,2.940317628334418,SJF,0.8
1774,3.0972957929807867,SJF,0.8
1775,2.9895374372373387,SJF,0.8
1776,3.1684144216929364,SJF,0.8
1777,3.1931127328136766,SJF,0.8
1778,3.034599044796439,SJF,0.8
1779,3.095614489407475,SJF,0.8
1780,3.030214004612376,SJF,0.8
1781,3.1229292913923543,SJF,0.8
1782,3.081076888562022,SJF,0.8
1783,3.028773101812421,SJF,0.8
1784,3.0963785854018653,SJF,0.8
1785,2.9062729760608064,SJF,0.8
1786,2.9117400451711344,SJF,0.8
1787,3.1581712204015755,SJF,0.8
1788,3.032975959552063,SJF,0.8
1789,3.196742938986157,SJF,0.8
1790,3.0087265503234923,SJF,0.8
1791,3.190004587743805,SJF,0.8
1792,2.9901298287529747,SJF,0.8
1793,2.9899064736985737,SJF,0.8
1794,2.8984116487635365,SJF,0.8
1795,3.01087338544176,SJF,0.8
1796,3.089954807268434,SJF,0.8
1797,2.9740637289476792,SJF,0.8
1798,2.980818850061726,SJF,0.8
1799,3.096199814785058,SJF,0.8
1800,3.174501149946333,SJF,0.8
1801,3.184412059681258,SJF,0.8
1802,3.1890913739743594,SJF,0.8
1803,2.9629271224450595,SJF,0.8
1804,2.910499278189826,SJF,0.8
1805,3.023400536921063,SJF,0.8
1806,2.884388286468617,SJF,0.8
1807,3.1719078875525417,SJF,0.8
1808,3.1253510138926415,SJF,0.8
1809,2.9371658828741407,SJF,0.8
1810,3.083496173129906,SJF,0.8
1811,2.9638412398664213,SJF,0.8
1812,3.10960265965949,SJF,0.8
1813,3.276518676918884,SJF,0.8
1814,3.000929579406283,SJF,0.8
1815,3.0897618641559013,SJF,0.8
1816,2.982076134301034,SJF,0.8
1817,2.9719736364704743,SJF,0.8
1818,3.162762024630673,SJF,0.8
1819,3.1506600769790274,SJF,0.8
1820,3.1781251316456745,SJF,0.8
1821,2.986137078575647,SJF,0.8
1822,3.1171804821633033,SJF,0.8
1823,2.964509086002271,SJF,0.8
1824,3.0270373756502433,SJF,0.8
1825,2.879458536249784,SJF,0.8
1826,3.311432768682411,SJF,0.8
1827,3.0881385304703284,SJF,0.8
1828,3.0751366192167677,SJF,0.8
1829,2.982146431451388,SJF,0.8
1830,3.3248080036605754,SJF,0.8
1831,3.0306801901923923,SJF,0.8
1832,3.0462728137818105,SJF,0.8
1833,3.0361584409612927,SJF,0.8
1834,3.088542242057829,SJF,0.8
1835,3.061971079661383,SJF,0.8
1836,2.977590032943253,SJF,0.8
1837,2.9345306882061406,SJF,0.8
1838,3.019163479179815,SJF,0.8
1839,2.9407279642432425,SJF,0.8
1840,3.110478065343181,SJF,0.8
1841,3.1602768796067187,SJF,0.8
1842,2.9836932534712717,SJF,0.8
1843,3.010098569339822,SJF,0.8
1844,3.0903760601331283,SJF,0.8
1845,3.0658431684478082,SJF,0.8
1846,3.10978953717626,SJF,0.8
1847,3.260514382139252,SJF,0.8
1848,3.214096337959094,SJF,0.8
1849,2.996290407484808,SJF,0.8
1850,3.306865610188663,SJF,0.8
1851,3.1831749633855266,SJF,0.8
1852,2.975419837844547,SJF,0.8
1853,3.015507709930336,SJF,0.8
1854,3.112168897587896,SJF,0.8
1855,3.0551216759173365,SJF,0.8
1856,3.0806360448971684,SJF,0.8
1857,3.026299914214901,SJF,0.8
1858,3.152686806982274,SJF,0.8
1859,3.0491269213151218,SJF,0.8
1860,2.9882053193036593,SJF,0.8
1861,3.3139982958973095,SJF,0.8
1862,2.9831082184584155,SJF,0.8
1863,3.12670579615291,SJF,0.8
1864,2.863250996242819,SJF,0.8
1865,3.1607476474041025,SJF,0.8
1866,3.1365133578083952,SJF,0.8
1867,3.0069715437175546,SJF,0.8
1868,3.053430367078395,SJF,0.8
1869,3.12128878088153,SJF,0.8
1870,2.939234195786759,SJF,0.8
1871,3.1259013942127627,SJF,0.8
1872,2.961987075483705,SJF,0.8
1873,3.0509485860604157,SJF,0.8
1874,2.9807637871589563,SJF,0.8
1875,2.994895153829491,SJF,0.8
1876,2.8974153204642077,SJF,0.8
1877,2.9571793624215137,SJF,0.8
1878,3.022376531363248,SJF,0.8
1879,2.913739439802374,SJF,0.8
1880,3.093660967958644,SJF,0.8
1881,3.02475072864369,SJF,0.8
1882,2.84269909459649,SJF,0.8
1883,3.115319991902036,SJF,0.8
1884,3.082846759855301,SJF,0.8
1885,3.049038236334898,SJF,0.8
1886,3.2219274439568353,SJF,0.8
1887,3.072167087042092,SJF,0.8
1888,3.0621832539616594,SJF,0.8
1889,3.099828767151529,SJF,0.8
1890,3.090025704119178,SJF,0.8
1891,3.118430496144993,SJF,0.8
1892,3.019197706420914,SJF,0.8
1893,2.8611068170746945,SJF,0.8
1894,3.028479469976958,SJF,0.8
1895,2.9219862455105163,SJF,0.8
1896,2.9187418242680403,SJF,0.8
1897,3.278741966734833,SJF,0.8
1898,3.0872904900751013,SJF,0.8
1899,3.0286353849357512,SJF,0.8
1900,2.9637337403192703,SJF,0.8
1901,2.933095663743144,SJF,0.8
1902,3.0502287274442614,SJF,0.8
1903,2.9212232330769354,SJF,0.8
1904,3.0251645281690913,SJF,0.8
1905,3.0706934943590602,SJF,0.8
1906,3.0621621785188307,SJF,0.8
1907,3.2184849234405823,SJF,0.8
1908,2.9738070551191718,SJF,0.8
1909,3.027519296233448,SJF,0.8
1910,2.846772525756689,SJF,0.8
1911,3.0681463929955464,SJF,0.8
1912,2.9773674780642585,SJF,0.8
1913,3.120761419920137,SJF,0.8
1914,3.0608891676872636,SJF,0.8
1915,3.176481096054373,SJF,0.8
1916,3.0579390446587977,SJF,0.8
1917,3.0386910763287602,SJF,0.8
1918,2.8926097730951286,SJF,0.8
1919,2.996939461113736,SJF,0.8
1920,2.796525871121387,SJF,0.8
1921,2.9455460100954567,SJF,0.8
1922,3.141114772799704,SJF,0.8
1923,2.926966232125721,SJF,0.8
1924,2.9723460783659985,SJF,0.8
1925,3.002073173142554,SJF,0.8
1926,3.0128950945529414,SJF,0.8
1927,3.130229135075888,SJF,0.8
1928,3.0840912156969287,SJF,0.8
1929,2.9170944256468787,SJF,0.8
1930,2.944466033105292,SJF,0.8
1931,2.965878273960258,SJF,0.8
1932,2.9737366972244,SJF,0.8
1933,2.9037259852266035,SJF,0.8
1934,3.117556883230008,SJF,0.8
1935,2.8561677688136142,SJF,0.8
1936,3.0220092254181687,SJF,0.8
1937,3.0621600197221857,SJF,0.8
1938,3.1180176617395907,SJF,0.8
1939,3.206023895205072,SJF,0.8
1940,3.063245912470793,SJF,0.8
1941,3.0132278876616017,SJF,0.8
1942,3.260205689616068,SJF,0.8
1943,2.9113199434611206,SJF,0.8
1944,3.051217274972364,SJF,0.8
1945,3.156350331863707,SJF,0.8
1946,2.902860844393912,SJF,0.8
1947,3.014747475323541,SJF,0.8
1948,3.0055993570663033,SJF,0.8
1949,3.0295018864658885,SJF,0.8
1950,3.2543028308634634,SJF,0.8
1951,2.921332835551817,SJF,0.8
1952,3.0201337881257153,SJF,0.8
1953,2.9254717293629957,SJF,0.8
1954,2.9740157372948732,SJF,0.8
1955,3.0078583116774325,SJF,0.8
1956,2.848709616911564,SJF,0.8
1957,2.9548797895658785,SJF,0.8
1958,2.950142508519557,SJF,0.8
1959,3.128593789137565,SJF,0.8
1960,3.3663678311147587,SJF,0.8
1961,3.0764489377070046,SJF,0.8
1962,2.903356500251719,SJF,0.8
1963,2.9309021598991833,SJF,0.8
1964,2.9430096967944954,SJF,0.8
1965,2.9714146266682038,SJF,0.8
1966,2.9038512316962346,SJF,0.8
1967,3.028770915918394,SJF,0.8
1968,2.981712388946046,SJF,0.8
1969,3.306787243071414,SJF,0.8
1970,3.1627596383960803,SJF,0.8
1971,3.055258814006632,SJF,0.8
1972,3.0015659600454034,SJF,0.8
1973,3.0416758115466633,SJF,0.8
1974,3.1574105153044627,SJF,0.8
1975,2.8867557161104944,SJF,0.8
1976,2.9236356356286555,SJF,0.8
1977,2.9950995005695975,SJF,0.8
1978,2.866093302179272,SJF,0.8
1979,2.9595018387929652,SJF,0.8
1980,3.105476932460532,SJF,0.8
1981,3.231805949021388,SJF,0.8
1982,3.1503763996223526,SJF,0.8
1983,3.039223856464793,SJF,0.8
1984,3.215960056085269,SJF,0.8
1985,2.9943078471019375,SJF,0.8
1986,3.028428609856819,SJF,0.8
1987,2.998976922943644,SJF,0.8
1988,3.2200391226263414,SJF,0.8
1989,3.0791754444704122,SJF,0.8
1990,2.943626526764305,SJF,0.8
1991,2.9340304755485063,SJF,0.8
1992,2.98251527237554,SJF,0.8
1993,2.9330403354618086,SJF,0.8
1994,2.96521883222887,SJF,0.8
1995,2.962656218917924,SJF,0.8
1996,2.8374044809930243,SJF,0.8
1997,2.9642304654792015,SJF,0.8
1998,3.131764023797606,SJF,0.8
1999,3.1802663432127405,SJF,0.8
2000,3.5345743023979486,SJF,0.85
2001,3.504056956881986,SJF,0.85
2002,3.4271474818492598,SJF,0.85
2003,3.540802491992955,SJF,0.85
2004,3.596123728741736,SJF,0.85
2005,3.344554612788401,SJF,0.85
2006,3.4921794833702777,SJF,0.85
2007,3.5322864685766975,SJF,0.85
2008,3.3156156394420417,SJF,0.85
2009,3.44381824670581,SJF,0.85
2010,3.8792227957988623,SJF,0.85
2011,3.4433433809837415,SJF,0.85
2012,3.6884057233140664,SJF,0.85
2013,3.516176487181137,SJF,0.85
2014,3.4648687239351768,SJF,0.85
2015,3.427065427428446,SJF,0.85
2016,3.4609167908627745,SJF,0.85
2017,3.5546941632607645,SJF,0.85
2018,3.5809550891692576,SJF,0.85
2019,3.5931822219091343,SJF,0.85
2020,3.3284926467365104,SJF,0.85
2021,3.601123345623846,SJF,0.85
2022,3.3813429985690773,SJF,0.85
2023,3.3014737871572595,SJF,0.85
2024,3.5063497983501315,SJF,0.85
2025,3.4683943410087763,SJF,0.85
2026,3.811977774555406,SJF,0.85
2027,3.4379150765918864,SJF,0.85
2028,3.466042553211865,SJF,0.85
2029,3.457043214696231,SJF,0.85
2030,3.597655686554309,SJF,0.85
2031,3.6635133777682087,SJF,0.85
2032,3.2643627295215354,SJF,0.85
2033,3.778105293198417,SJF,0.85
2034,3.5351281319195564,SJF,0.85
2035,3.5748145087450203,SJF,0.85
2036,3.6210063817451084,SJF,0.85
2037,3.412499549384511,SJF,0.85
2038,3.438481728867819,SJF,0.85
2039,3.3683349324926066,SJF,0.85
2040,3.5123768283420147,SJF,0.85
2041,3.6178061077590944,SJF,0.85
2042,3.5564971239860634,SJF,0.85
2043,3.7872838818848695,SJF,0.85
2044,3.7365644300847247,SJF,0.85
2045,3.424020136476177,SJF,0.85
2046,3.3334918660763595,SJF,0.85
2047,3.392644477032058,SJF,0.85
2048,3.50440892445637,SJF,0.85
2049,3.4436161680966406,SJF,0.85
2050,3.741959658688427,SJF,0.85
2051,3.7642364640562525,SJF,0.85
2052,3.334776483575481,SJF,0.85
2053,3.703940734184836,SJF,0.85
2054,3.187539977045984,SJF,0.85
2055,3.391185074373571,SJF,0.85
2056,3.3741723120450464,SJF,0.85
2057,3.7741790523565344,SJF,0.85
2058,3.4284135769280155,SJF,0.85
2059,3.418442259820033,SJF,0.85
2060,3.5954681832331414,SJF,0.85
2061,3.559235181595011,SJF,0.85
2062,3.7711107288677916,SJF,0.85
2063,3.535676700175011,SJF,0.85
2064,3.4460210688117616,SJF,0.85
2065,3.468457291155123,SJF,0.85
2066,3.791098984923336,SJF,0.85
2067,3.605989340346752,SJF,0.85
2068,3.4202462775165703,SJF,0.85
2069,3.432714847691032,SJF,0.85
2070,3.6024704919303288,SJF,0.85
2071,3.579824578854452,SJF,0.85
2072,3.5167942725552566,SJF,0.85
2073,3.666659519566012,SJF,0.85
2074,3.3794661342010817,SJF,0.85
2075,3.193581288122131,SJF,0.85
2076,3.7771325618008595,SJF,0.85
2077,3.771440373933473,SJF,0.85
2078,3.4743119804980416,SJF,0.85
2079,3.4840667747670295,SJF,0.85
2080,3.551824234946461,SJF,0.85
2081,3.630959241001103,SJF,0.85
2082,3.6208317028972545,SJF,0.85
2083,3.2624583114491483,SJF,0.85
2084,3.366167035177142,SJF,0.85
2085,3.514006812262789,SJF,0.85
2086,3.1965023017985095,SJF,0.85
2087,3.6842491164780244,SJF,0.85
2088,3.515218854447595,SJF,0.85
2089,3.3908247218928897,SJF,0.85
2090,3.5534544921741618,SJF,0.85
2091,3.475661094602448,SJF,0.85
2092,3.484726061038036,SJF,0.85
2093,3.259850375961692,SJF,0.85
2094,3.6610671932186976,SJF,0.85
2095,3.5888387377415003,SJF,0.85
2096,3.675492375139294,SJF,0.85
2097,3.841662193467556,SJF,0.85
2098,3.6312855525809624,SJF,0.85
2099,3.852392897042482,SJF,0.85
2100,3.718842027161055,SJF,0.85
2101,3.454971784742947,SJF,0.85
2102,3.6196782899050666,SJF,0.85
2103,3.7070025044085035,SJF,0.85
2104,3.4257779190689033,SJF,0.85
2105,3.5189568205003305,SJF,0.85
2106,3.6821099132145036,SJF,0.85
2107,3.547960310284118,SJF,0.85
2108,3.765605261222276,SJF,0.85
2109,3.4152789188940864,SJF,0.85
2110,3.5839950476237545,SJF,0.85
2111,3.453173770333102,SJF,0.85
2112,3.6027604932033617,SJF,0.85
2113,3.38418401811026,SJF,0.85
2114,3.579181845407875,SJF,0.85
2115,3.499838760714805,SJF,0.85
2116,3.5036501954603905,SJF,0.85
2117,3.6075481297090737,SJF,0.85
2118,3.5845900516511056,SJF,0.85
2119,3.48829622571167,SJF,0.85
2120,3.5218955791490765,SJF,0.85
2121,3.198638764787979,SJF,0.85
2122,3.3870101418804652,SJF,0.85
2123,3.4747301978940173,SJF,0.85
2124,3.3391782022748258,SJF,0.85
2125,3.550062368331227,SJF,0.85
2126,3.3388686818849513,SJF,0.85
2127,3.706639572466044,SJF,0.85
2128,3.6117363801568616,SJF,0.85
2129,3.515993571956669,SJF,0.85
2130,3.3840084974646927,SJF,0.85
2131,3.8910070362135842,SJF,0.85
2132,3.2664294084085523,SJF,0.85
2133,3.5919216662141493,SJF,0.85
2134,3.3909805532205106,SJF,0.85
2135,3.3036004304798587,SJF,0.85
2136,3.435191905262653,SJF,0.85
2137,3.4004412204012797,SJF,0.85
2138,3.6773349901957815,SJF,0.85
2139,3.781550191752296,SJF,0.85
2140,3.438730915709046,SJF,0.85
2141,3.4689930566108305,SJF,0.85
2142,3.7472584784079896,SJF,0.85
2143,3.4940512011727884,SJF,0.85
2144,3.6742482382775816,SJF,0.85
2145,3.366989105599188,SJF,0.85
2146,3.6576068553571015,SJF,0.85
2147,4.024555601061178,SJF,0.85
2148,3.4175110037799037,SJF,0.85
2149,3.5767641471053184,SJF,0.85
2150,3.636637826381145,SJF,0.85
2151,3.3995844832644835,SJF,0.85
2152,3.600941100605396,SJF,0.85
2153,3.710451175720866,SJF,0.85
2154,3.439775420693036,SJF,0.85
2155,3.5333155920584627,SJF,0.85
2156,3.1932634583586315,SJF,0.85
2157,3.370510761190611,SJF,0.85
2158,3.7788560288005186,SJF,0.85
2159,3.370715010793369,SJF,0.85
2160,3.521567112819229,SJF,0.85
2161,3.417862645632561,SJF,0.85
2162,3.1754761597064842,SJF,0.85
2163,3.716403688034722,SJF,0.85
2164,3.8907166031645684,SJF,0.85
2165,3.686763130760457,SJF,0.85
2166,3.3578789585548954,SJF,0.85
2167,3.5685213024394167,SJF,0.85
2168,3.4847034758553854,SJF,0.85
2169,3.6274019107413173,SJF,0.85
2170,3.456450355757537,SJF,0.85
2171,3.4508343083335173,SJF,0.85
2172,3.6984491930431855,SJF,0.85
2173,3.4939514732575905,SJF,0.85
2174,3.431784945077393,SJF,0.85
2175,3.7607094692945524,SJF,0.85
2176,3.294257391590408,SJF,0.85
2177,3.4985917349712543,SJF,0.85
2178,3.351937917498901,SJF,0.85
2179,3.702613222584073,SJF,0.85
2180,3.4081541913328945,SJF,0.85
2181,3.750816612127012,SJF,0.85
2182,3.5499471393012034,SJF,0.85
2183,3.8001946154866273,SJF,0.85
2184,3.645425900963329,SJF,0.85
2185,3.5790977384564875,SJF,0.85
2186,3.739807326944452,SJF,0.85
2187,3.7564754922275263,SJF,0.85
2188,3.525445621482411,SJF,0.85
2189,3.395256791654807,SJF,0.85
2190,3.3742212771004145,SJF,0.85
2191,3.3773845181078004,SJF,0.85
2192,3.7839240345443397,SJF,0.85
2193,3.3645282492533197,SJF,0.85
2194,3.6639417200747064,SJF,0.85
2195,3.270469158556554,SJF,0.85
2196,3.4350420008797062,SJF,0.85
2197,3.800922256965822,SJF,0.85
2198,3.366174691649104,SJF,0.85
2199,3.7147666485964654,SJF,0.85
2200,3.7654724916584774,SJF,0.85
2201,3.599365188457204,SJF,0.85
2202,3.4477589062961926,SJF,0.85
2203,3.546246789288876,SJF,0.85
2204,3.99821500455831,SJF,0.85
2205,3.4324197906527916,SJF,0.85
2206,3.475126931088009,SJF,0.85
2207,3.383454811285528,SJF,0.85
2208,3.648095937710385,SJF,0.85
2209,3.3465478201921375,SJF,0.85
2210,3.6235541879836184,SJF,0.85
2211,3.4792196064666876,SJF,0.85
2212,3.606275831354128,SJF,0.85
2213,3.614924126892083,SJF,0.85
2214,3.566462525230019,SJF,0.85
2215,3.5105414565740816,SJF,0.85
2216,3.445071401533547,SJF,0.85
2217,3.803976563461558,SJF,0.85
2218,3.654495668396251,SJF,0.85
2219,3.6836762359399566,SJF,0.85
2220,3.4833088375977233,SJF,0.85
2221,3.509430562600834,SJF,0.85
2222,3.7002984840530493,SJF,0.85
2223,3.3754213405454707,SJF,0.85
2224,3.549049654916005,SJF,0.85
2225,3.461676361740475,SJF,0.85
2226,3.2892226851739776,SJF,0.85
2227,3.606871669929,SJF,0.85
2228,3.5585672018208343,SJF,0.85
2229,3.4798491838971235,SJF,0.85
2230,3.876785097415351,SJF,0.85
2231,3.5325983146142788,SJF,0.85
2232,3.621962258330619,SJF,0.85
2233,3.5420853619075583,SJF,0.85
2234,3.6339068216528396,SJF,0.85
2235,3.7448793156002984,SJF,0.85
2236,3.4933987581982278,SJF,0.85
2237,3.4534445279042068,SJF,0.85
2238,3.671446504237184,SJF,0.85
2239,3.627627322271698,SJF,0.85
2240,3.4994532566440975,SJF,0.85
2241,3.4156593254107035,SJF,0.85
2242,3.4520211955964726,SJF,0.85
2243,3.337605285483972,SJF,0.85
2244,3.393049718643046,SJF,0.85
2245,3.4700909586589783,SJF,0.85
2246,3.512671836340992,SJF,0.85
2247,3.6674890820688306,SJF,0.85
2248,3.547600130696478,SJF,0.85
2249,3.7379598824835893,SJF,0.85
2250,3.648139619968488,SJF,0.85
2251,3.415229016825273,SJF,0.85
2252,3.414942381619101,SJF,0.85
2253,3.6080181432139,SJF,0.85
2254,3.5093493670687828,SJF,0.85
2255,3.411939564653215,SJF,0.85
2256,3.6935229815176625,SJF,0.85
2257,4.168314848711037,SJF,0.85
2258,3.605016465792537,SJF,0.85
2259,3.467984699706246,SJF,0.85
2260,3.7309016304400355,SJF,0.85
2261,3.6828635059816857,SJF,0.85
2262,3.8475588657358903,SJF,0.85
2263,3.696996841253508,SJF,0.85
2264,3.706992498368789,SJF,0.85
2265,3.298312068807694,SJF,0.85
2266,3.4910830127819725,SJF,0.85
2267,3.215110136244459,SJF,0.85
2268,3.4269743009058002,SJF,0.85
2269,3.499547139284635,SJF,0.85
2270,3.472828539906752,SJF,0.85
2271,3.406273742978412,SJF,0.85
2272,3.4779169984275278,SJF,0.85
2273,3.5403512102586987,SJF,0.85
2274,3.5889530598671597,SJF,0.85
2275,3.728261796802714,SJF,0.85
2276,3.5666024833576113,SJF,0.85
2277,3.6163696526372107,SJF,0.85
2278,3.5616385959381676,SJF,0.85
2279,3.422411422221454,SJF,0.85
2280,3.670445696455125,SJF,0.85
2281,3.420624830345023,SJF,0.85
2282,3.581656567803529,SJF,0.85
2283,3.5323145298758014,SJF,0.85
2284,3.462176780358203,SJF,0.85
2285,3.6315740178545908,SJF,0.85
2286,3.483477601644718,SJF,0.85
2287,3.9336199534127334,SJF,0.85
2288,3.2506104625490657,SJF,0.85
2289,3.5565567682804207,SJF,0.85
2290,3.5394750543692077,SJF,0.85
2291,3.4267376077062246,SJF,0.85
2292,3.5095123438216955,SJF,0.85
2293,3.7545156700361075,SJF,0.85
2294,3.8222355628873155,SJF,0.85
2295,3.4976834572066045,SJF,0.85
2296,3.5156877562550704,SJF,0.85
2297,3.287392130898524,SJF,0.85
2298,3.7779268564374076,SJF,0.85
2299,3.3304931421636392,SJF,0.85
2300,3.5391993075818347,SJF,0.85
2301,3.690172413837482,SJF,0.85
2302,3.2628472629243896,SJF,0.85
2303,3.3547900479890385,SJF,0.85
2304,3.579008653711419,SJF,0.85
2305,3.634533871604136,SJF,0.85
2306,3.8579029406915235,SJF,0.85
2307,3.4851716502078256,SJF,0.85
2308,3.647981512730423,SJF,0.85
2309,3.485871455789912,SJF,0.85
2310,3.4528704778519232,SJF,0.85
2311,3.563473853964194,SJF,0.85
2312,3.3941549846869195,SJF,0.85
2313,3.3915787341040873,SJF,0.85
2314,3.6861841203834205,SJF,0.85
2315,3.3856093525205795,SJF,0.85
2316,3.5048766059862566,SJF,0.85
2317,3.7003641873742077,SJF,0.85
2318,3.4457113791766285,SJF,0.85
2319,3.628162448946965,SJF,0.85
2320,3.5511708763409815,SJF,0.85
2321,3.6490472181908387,SJF,0.85
2322,3.7116884742805976,SJF,0.85
2323,3.4006129103704197,SJF,0.85
2324,3.5747985660568573,SJF,0.85
2325,3.8002294248070183,SJF,0.85
2326,3.57370705463864,SJF,0.85
2327,3.5559218419680416,SJF,0.85
2328,3.36562797613329,SJF,0.85
2329,3.6423503536634096,SJF,0.85
2330,3.4926551733686995,SJF,0.85
2331,3.4549977310833397,SJF,0.85
2332,3.659632354852951,SJF,0.85
2333,3.522659869941228,SJF,0.85
2334,3.5691038970474764,SJF,0.85
2335,3.244119555662674,SJF,0.85
2336,3.5744730186537637,SJF,0.85
2337,3.65584066473251,SJF,0.85
2338,3.5801637811536073,SJF,0.85
2339,3.7902392453458176,SJF,0.85
2340,3.3602117081102283,SJF,0.85
2341,3.5997880271521963,SJF,0.85
2342,3.375789794652495,SJF,0.85
2343,3.5010375451438036,SJF,0.85
2344,3.4159177878601956,SJF,0.85
2345,3.3243533542836072,SJF,0.85
2346,3.5165961669814503,SJF,0.85
2347,3.630798289370318,SJF,0.85
2348,3.4632736509358057,SJF,0.85
2349,3.5309940859795357,SJF,0.85
2350,3.4885664218302788,SJF,0.85
2351,3.4677812549885174,SJF,0.85
2352,3.6611126625620942,SJF,0.85
2353,3.3133069239532373,SJF,0.85
2354,3.6927491676649544,SJF,0.85
2355,3.5890115909951192,SJF,0.85
2356,3.6658783717719476,SJF,0.85
2357,3.4230940175394236,SJF,0.85
2358,3.7270543431231076,SJF,0.85
2359,3.5949936874579302,SJF,0.85
2360,3.7743204729486433,SJF,0.85
2361,3.3149864551526735,SJF,0.85
2362,3.506500241618701,SJF,0.85
2363,3.359046559063792,SJF,0.85
2364,3.6596228203467827,SJF,0.85
2365,3.6288455541665403,SJF,0.85
2366,3.449146215953418,SJF,0.85
2367,3.4786494528427183,SJF,0.85
2368,3.726858067258747,SJF,0.85
2369,3.687549762115039,SJF,0.85
2370,3.3644753931102658,SJF,0.85
2371,3.6188131849254934,SJF,0.85
2372,3.580169931732965,SJF,0.85
2373,3.693368517132107,SJF,0.85
2374,3.8253054692533595,SJF,0.85
2375,3.7415875977845348,SJF,0.85
2376,3.789376134453567,SJF,0.85
2377,3.5333035659746064,SJF,0.85
2378,3.4789080245781703,SJF,0.85
2379,3.5060112552656486,SJF,0.85
2380,3.5674013962607423,SJF,0.85
2381,3.649289712179562,SJF,0.85
2382,3.44088227829412,SJF,0.85
2383,3.502377018704108,SJF,0.85
2384,3.4583760546083533,SJF,0.85
2385,3.7394692490533736,SJF,0.85
2386,3.4691542758849216,SJF,0.85
2387,3.488822327695569,SJF,0.85
2388,3.707771204246265,SJF,0.85
2389,3.472349901874212,SJF,0.85
2390,3.3293726158695667,SJF,0.85
2391,3.5136908419148676,SJF,0.85
2392,3.5471153472214434,SJF,0.85
2393,3.318514738842853,SJF,0.85
2394,3.7070392404551034,SJF,0.85
2395,3.8032571594643945,SJF,0.85
2396,3.510728586896002,SJF,0.85
2397,3.4563421830613676,SJF,0.85
2398,3.3003479892196563,SJF,0.85
2399,3.6529721801286725,SJF,0.85
2400,3.5658408922250375,SJF,0.85
2401,3.4035010511949033,SJF,0.85
2402,3.7969950297786874,SJF,0.85
2403,3.479982852334714,SJF,0.85
2404,3.5025755061655532,SJF,0.85
2405,3.5605926616985597,SJF,0.85
2406,3.5119710064888188,SJF,0.85
2407,3.5548768143859824,SJF,0.85
2408,3.556658073336832,SJF,0.85
2409,3.3510527914429864,SJF,0.85
2410,3.3299236929534053,SJF,0.85
2411,3.683757893743946,SJF,0.85
2412,3.48719071475526,SJF,0.85
2413,3.297063977980833,SJF,0.85
2414,3.4285685069857443,SJF,0.85
2415,3.6767905790801256,SJF,0.85
2416,3.396253279853427,SJF,0.85
2417,3.8082707355260434,SJF,0.85
2418,3.4006791057183174,SJF,0.85
2419,3.476342989494934,SJF,0.85
2420,3.4783816190980055,SJF,0.85
2421,3.449631279961356,SJF,0.85
2422,3.2570954497074447,SJF,0.85
2423,3.4795482427628643,SJF,0.85
2424,3.4290848861731726,SJF,0.85
2425,3.486342001053758,SJF,0.85
2426,3.489322949568284,SJF,0.85
2427,3.3692826645001444,SJF,0.85
2428,3.498363911975221,SJF,0.85
2429,3.635127264913973,SJF,0.85
2430,3.7157786462207505,SJF,0.85
2431,3.449255348115454,SJF,0.85
2432,3.72454669408332,SJF,0.85
2433,3.649127205095528,SJF,0.85
2434,3.6258687814159143,SJF,0.85
2435,3.447354336936907,SJF,0.85
2436,3.562108592253254,SJF,0.85
2437,3.6075161010891525,SJF,0.85
2438,3.703941195974181,SJF,0.85
2439,3.856387400622516,SJF,0.85
2440,3.5985334411046175,SJF,0.85
2441,3.744750995482567,SJF,0.85
2442,3.6471347578593485,SJF,0.85
2443,3.3226230814216424,SJF,0.85
2444,3.5913360937028003,SJF,0.85
2445,3.4234041841042555,SJF,0.85
2446,3.66234009927093,SJF,0.85
2447,3.334997478498407,SJF,0.85
2448,3.4199240939100584,SJF,0.85
2449,3.477253469905461,SJF,0.85
2450,3.7163616336306156,SJF,0.85
2451,3.6016339529147268,SJF,0.85
2452,3.5921058680416253,SJF,0.85
2453,3.3239504031091913,SJF,0.85
2454,3.7485918317301863,SJF,0.85
2455,3.6360968227824886,SJF,0.85
2456,3.511783049518219,SJF,0.85
2457,3.575345786724911,SJF,0.85
2458,3.581904987020019,SJF,0.85
2459,3.549348281651993,SJF,0.85
2460,3.3033973807110355,SJF,0.85
2461,3.466843399242124,SJF,0.85
2462,3.5150888455218823,SJF,0.85
2463,3.8303282446278857,SJF,0.85
2464,3.4784399884497486,SJF,0.85
2465,3.4099121576053557,SJF,0.85
2466,3.5472607472163356,SJF,0.85
2467,3.619416355548629,SJF,0.85
2468,3.45914108200598,SJF,0.85
2469,3.532040705502982,SJF,0.85
2470,3.752826762511253,SJF,0.85
2471,3.472941735335611,SJF,0.85
2472,3.348803687163262,SJF,0.85
2473,3.7261789839658492,SJF,0.85
2474,3.4222912822494056,SJF,0.85
2475,3.4057757653012506,SJF,0.85
2476,3.339664498993482,SJF,0.85
2477,3.4479150044063602,SJF,0.85
2478,3.6816526136558823,SJF,0.85
2479,3.8110628129258157,SJF,0.85
2480,3.753131194518383,SJF,0.85
2481,3.268905069902215,SJF,0.85
2482,3.580656328827675,SJF,0.85
2483,3.3738131295275076,SJF,0.85
2484,3.6694548646891287,SJF,0.85
2485,3.5626395184142856,SJF,0.85
2486,3.722578041186303,SJF,0.85
2487,3.7358118108454246,SJF,0.85
2488,3.8743922907599537,SJF,0.85
2489,3.215491080951305,SJF,0.85
2490,3.505635565824507,SJF,0.85
2491,3.485451228490719,SJF,0.85
2492,3.7466137128933275,SJF,0.85
2493,3.6182988567842274,SJF,0.85
2494,3.41481142339718,SJF,0.85
2495,3.3152346964827584,SJF,0.85
2496,3.418869505812068,SJF,0.85
2497,3.5356052252267953,SJF,0.85
2498,3.4857818573850556,SJF,0.85
2499,3.5699026760004053,SJF,0.85
2500,4.6939215191320836,SJF,0.9
2501,3.842162276874628,SJF,0.9
2502,4.74712618380589,SJF,0.9
2503,4.0715238355421235,SJF,0.9
2504,4.16482767222743,SJF,0.9
2505,4.636040181884093,SJF,0.9
2506,4.782643335736035,SJF,0.9
2507,4.295382007519654,SJF,0.9
2508,4.223702072614949,SJF,0.9
2509,4.563886280211227,SJF,0.9
2510,4.175586731050423,SJF,0.9
2511,4.314662013466915,SJF,0.9
2512,4.030996698385677,SJF,0.9
2513,3.9896189853818154,SJF,0.9
2514,4.019413204229868,SJF,0.9
2515,4.962521734999166,SJF,0.9
2516,4.950867838909561,SJF,0.9
2517,4.2110999665166,SJF,0.9
2518,4.230654896957099,SJF,0.9
2519,3.798760786396182,SJF,0.9
2520,4.482168297339848,SJF,0.9
2521,4.320224102956187,SJF,0.9
2522,4.277990586705261,SJF,0.9
2523,4.573688191683389,SJF,0.9
2524,4.208020064936587,SJF,0.9
2525,4.16608102899183,SJF,0.9
2526,4.194008776787897,SJF,0.9
2527,4.102272738097115,SJF,0.9
2528,5.121336508977397,SJF,0.9
2529,3.6674392487251346,SJF,0.9
2530,4.292017276724246,SJF,0.9
2531,4.157532053548481,SJF,0.9
2532,4.461203237447793,SJF,0.9
2533,4.652300922625298,SJF,0.9
2534,4.077648755018326,SJF,0.9
2535,4.9356858967790265,SJF,0.9
2536,4.40181716833996,SJF,0.9
2537,4.722435988859592,SJF,0.9
2538,4.180096079078026,SJF,0.9
2539,4.5545501704013,SJF,0.9
2540,4.71222596201283,SJF,0.9
2541,4.093996568189529,SJF,0.9
2542,4.2520996690434005,SJF,0.9
2543,3.7529120514305294,SJF,0.9
2544,4.604789601374058,SJF,0.9
2545,4.137229891726391,SJF,0.9
2546,4.6380422001104735,SJF,0.9
2547,4.3594078761431785,SJF,0.9
2548,4.3215127494661605,SJF,0.9
2549,4.412973626905433,SJF,0.9
2550,4.3803853935155495,SJF,0.9
2551,4.163942994649732,SJF,0.9
2552,4.315012741784135,SJF,0.9
2553,4.450750526878371,SJF,0.9
2554,4.365230287676904,SJF,0.9
2555,4.201824393305801,SJF,0.9
2556,3.9125998910498616,SJF,0.9
2557,4.40953282178265,SJF,0.9
2558,4.583843146993333,SJF,0.9
2559,4.954967309296312,SJF,0.9
2560,4.537824197456575,SJF,0.9
2561,4.438836143297968,SJF,0.9
2562,4.3214195534946365,SJF,0.9
2563,4.340269622696956,SJF,0.9
2564,4.22597903720344,SJF,0.9
2565,4.4508703303066435,SJF,0.9
2566,4.377771292294353,SJF,0.9
2567,4.010278011486904,SJF,0.9
2568,4.542378958718453,SJF,0.9
2569,4.31319297298714,SJF,0.9
2570,4.242686962994129,SJF,0.9
2571,4.598525286347148,SJF,0.9
2572,4.5811615492502895,SJF,0.9
2573,4.319814037130577,SJF,0.9
2574,3.972831322808683,SJF,0.9
2575,4.827266696210948,SJF,0.9
2576,4.561311512703074,SJF,0.9
2577,4.013188727638357,SJF,0.9
2578,4.1202411642418015,SJF,0.9
2579,4.230801749372855,SJF,0.9
2580,4.633828824346583,SJF,0.9
2581,4.328380391768738,SJF,0.9
2582,4.353980720369502,SJF,0.9
2583,3.991531274876539,SJF,0.9
2584,4.506950737492161,SJF,0.9
2585,4.968338987517831,SJF,0.9
2586,4.288796403330757,SJF,0.9
2587,4.0758027448706855,SJF,0.9
2588,4.330528347951413,SJF,0.9
2589,3.9916385435840196,SJF,0.9
2590,4.279950479618162,SJF,0.9
2591,4.490669790255384,SJF,0.9
2592,4.142824028079675,SJF,0.9
2593,4.3529225478812945,SJF,0.9
2594,4.964940773421595,SJF,0.9
2595,3.7273085168182747,SJF,0.9
2596,4.9017514496813845,SJF,0.9
2597,5.612258728110837,SJF,0.9
2598,4.731708779229218,SJF,0.9
2599,4.513200329090456,SJF,0.9
2600,4.456906985093097,SJF,0.9
2601,5.942467952471141,SJF,0.9
2602,4.162442470783774,SJF,0.9
2603,4.281328859687384,SJF,0.9
2604,4.3773737140672955,SJF,0.9
2605,4.134191339609622,SJF,0.9
2606,4.601765807472429,SJF,0.9
2607,4.242746483604475,SJF,0.9
2608,4.306887231858882,SJF,0.9
2609,4.654892809661258,SJF,0.9
2610,4.258475255703138,SJF,0.9
2611,4.821178379243288,SJF,0.9
2612,4.2511337990611215,SJF,0.9
2613,4.297315246531383,SJF,0.9
2614,4.640123174647434,SJF,0.9
2615,4.600319767167682,SJF,0.9
2616,4.1857976786992355,SJF,0.9
2617,4.133394459905906,SJF,0.9
2618,4.096258555453007,SJF,0.9
2619,4.024232226485147,SJF,0.9
2620,4.124596724311815,SJF,0.9
2621,4.5260439053801536,SJF,0.9
2622,4.667704204787548,SJF,0.9
2623,4.860717244043815,SJF,0.9
2624,4.085225839871785,SJF,0.9
2625,4.294502277140069,SJF,0.9
2626,4.346762943181233,SJF,0.9
2627,4.55764116497383,SJF,0.9
2628,4.480506483459525,SJF,0.9
2629,4.301838953242878,SJF,0.9
2630,4.664715292267651,SJF,0.9
2631,4.427486531948982,SJF,0.9
2632,4.071899874944408,SJF,0.9
2633,4.590996222813219,SJF,0.9
2634,4.429799655037913,SJF,0.9
2635,4.27673396382874,SJF,0.9
2636,4.667426780405702,SJF,0.9
2637,4.165325026059548,SJF,0.9
2638,4.5821412046899,SJF,0.9
2639,4.837981727446638,SJF,0.9
2640,4.533800451523026,SJF,0.9
2641,4.45265823727393,SJF,0.9
2642,5.952792671309672,SJF,0.9
2643,4.095103792874717,SJF,0.9
2644,4.349752249648839,SJF,0.9
2645,5.0981761293594605,SJF,0.9
2646,4.816137520450643,SJF,0.9
2647,3.898817224483537,SJF,0.9
2648,4.358839899744852,SJF,0.9
2649,4.391637896345607,SJF,0.9
2650,4.562402796442635,SJF,0.9
2651,4.295848168377127,SJF,0.9
2652,4.509139072842514,SJF,0.9
2653,4.1651043789741165,SJF,0.9
2654,4.590223239677582,SJF,0.9
2655,4.3608905159835665,SJF,0.9
2656,4.272635240772674,SJF,0.9
2657,4.351393368949317,SJF,0.9
2658,4.464888549908216,SJF,0.9
2659,4.362783483078509,SJF,0.9
2660,4.976952513547321,SJF,0.9
2661,4.191496757375035,SJF,0.9
2662,4.300711537801731,SJF,0.9
2663,4.182463825193148,SJF,0.9
2664,4.514722726339776,SJF,0.9
2665,4.38678933448995,SJF,0.9
2666,4.456628554580143,SJF,0.9
2667,4.683729143231662,SJF,0.9
2668,4.879143810642888,SJF,0.9
2669,4.298846561251435,SJF,0.9
2670,4.202510101542522,SJF,0.9
2671,4.465090012271425,SJF,0.9
2672,4.07339926174767,SJF,0.9
2673,4.2193842779260775,SJF,0.9
2674,4.289518671930904,SJF,0.9
2675,4.408622236176121,SJF,0.9
2676,4.362189010422046,SJF,0.9
2677,4.940672866059993,SJF,0.9
2678,4.121564905505806,SJF,0.9
2679,4.364858539965461,SJF,0.9
2680,5.04130027792187,SJF,0.9
2681,4.697230403452061,SJF,0.9
2682,4.616325660412187,SJF,0.9
2683,4.511363203175893,SJF,0.9
2684,4.457562594291013,SJF,0.9
2685,4.7127996028942984,SJF,0.9
2686,4.35715628195672,SJF,0.9
2687,4.39423257672669,SJF,0.9
2688,4.2118124838675435,SJF,0.9
2689,4.011946492943287,SJF,0.9
2690,4.032611350862698,SJF,0.9
2691,4.525543101261509,SJF,0.9
2692,4.668533280527675,SJF,0.9
2693,4.130968640673877,SJF,0.9
2694,4.131641189296898,SJF,0.9
2695,4.2996091363514015,SJF,0.9
2696,4.357130430006605,SJF,0.9
2697,4.35011946798953,SJF,0.9
2698,4.399982731396878,SJF,0.9
2699,4.4105246333828285,SJF,0.9
2700,4.565169203111693,SJF,0.9
2701,4.448994032367202,SJF,0.9
2702,4.897493691768691,SJF,0.9
2703,4.201653396382346,SJF,0.9
2704,4.412183350530418,SJF,0.9
2705,4.755266897593207,SJF,0.9
2706,4.746939988764871,SJF,0.9
2707,4.383704186654402,SJF,0.9
2708,4.578306373054755,SJF,0.9
2709,4.029578796620019,SJF,0.9
2710,5.27235325080022,SJF,0.9
2711,4.765315366145856,SJF,0.9
2712,4.52180164642493,SJF,0.9
2713,4.077400282827484,SJF,0.9
2714,5.102280780532425,SJF,0.9
2715,4.404628541924309,SJF,0.9
2716,4.192591923993479,SJF,0.9
2717,3.861089263677917,SJF,0.9
2718,4.226945158756846,SJF,0.9
2719,3.942508264588987,SJF,0.9
2720,4.505280760107746,SJF,0.9
2721,4.211627006691533,SJF,0.9
2722,4.07970621438643,SJF,0.9
2723,4.551836733869398,SJF,0.9
2724,5.03783088249565,SJF,0.9
2725,4.330470222210492,SJF,0.9
2726,4.340038237423457,SJF,0.9
2727,4.307179652887009,SJF,0.9
2728,4.252084046054816,SJF,0.9
2729,4.361019863646571,SJF,0.9
2730,3.990890129394874,SJF,0.9
2731,4.28366804583904,SJF,0.9
2732,5.133338166321566,SJF,0.9
2733,4.283364516091906,SJF,0.9
2734,4.331912311959314,SJF,0.9
2735,3.9685147079626373,SJF,0.9
2736,4.198550917525651,SJF,0.9
2737,4.038676496393279,SJF,0.9
2738,4.370166409084221,SJF,0.9
2739,3.7439678153998015,SJF,0.9
2740,4.2522810494374745,SJF,0.9
2741,4.520647513524383,SJF,0.9
2742,4.278663279414228,SJF,0.9
2743,4.393754523608078,SJF,0.9
2744,4.185658758084639,SJF,0.9
2745,5.116938750700695,SJF,0.9
2746,4.109459552596082,SJF,0.9
2747,4.488057716147664,SJF,0.9
2748,4.088736399164234,SJF,0.9
2749,4.352376134268695,SJF,0.9
2750,4.751974326487417,SJF,0.9
2751,4.330759775520804,SJF,0.9
2752,4.62821629957887,SJF,0.9
2753,4.278256780036801,SJF,0.9
2754,3.8718156571209597,SJF,0.9
2755,4.654138997248425,SJF,0.9
2756,4.129406830239335,SJF,0.9
2757,4.753837682694615,SJF,0.9
2758,3.8747240697857035,SJF,0.9
2759,4.419747076688323,SJF,0.9
2760,4.448126619055529,SJF,0.9
2761,4.281421290081981,SJF,0.9
2762,4.588411708464045,SJF,0.9
2763,4.540102865845954,SJF,0.9
2764,3.8984835254512933,SJF,0.9
2765,4.441323167589904,SJF,0.9
2766,4.569785683396035,SJF,0.9
2767,4.02605676318592,SJF,0.9
2768,4.80692363824874,SJF,0.9
2769,4.16940039800087,SJF,0.9
2770,4.632665844053598,SJF,0.9
2771,4.266617906316571,SJF,0.9
2772,4.22718957627177,SJF,0.9
2773,4.200899017698514,SJF,0.9
2774,3.9829718977356356,SJF,0.9
2775,4.07583484401595,SJF,0.9
2776,4.480592869764845,SJF,0.9
2777,5.181326267820226,SJF,0.9
2778,4.6450398835436255,SJF,0.9
2779,4.2408244663485455,SJF,0.9
2780,5.0221804151303395,SJF,0.9
2781,4.41843162203695,SJF,0.9
2782,4.1915604446334385,SJF,0.9
2783,4.963899442184865,SJF,0.9
2784,4.931872814888992,SJF,0.9
2785,4.117154272269303,SJF,0.9
2786,4.276493766657519,SJF,0.9
2787,4.31521773247419,SJF,0.9
2788,4.964766184730954,SJF,0.9
2789,4.228965115227531,SJF,0.9
2790,4.778536730403244,SJF,0.9
2791,4.226295909460773,SJF,0.9
2792,4.061384543075732,SJF,0.9
2793,4.104856730003749,SJF,0.9
2794,4.722210721494944,SJF,0.9
2795,4.42102732368807,SJF,0.9
2796,4.6697920910839485,SJF,0.9
2797,4.612314788335892,SJF,0.9
2798,4.254868038822727,SJF,0.9
2799,4.462440174368241,SJF,0.9
2800,4.01618199552281,SJF,0.9
2801,4.185581667433449,SJF,0.9
2802,4.1910949082299656,SJF,0.9
2803,4.22914657897385,SJF,0.9
2804,4.490215606317446,SJF,0.9
2805,4.421175024968279,SJF,0.9
2806,3.95189081129307,SJF,0.9
2807,4.333697440726228,SJF,0.9
2808,4.506157997652859,SJF,0.9
2809,4.3709993743344215,SJF,0.9
2810,4.011727688896023,SJF,0.9
2811,4.348113962885311,SJF,0.9
2812,4.347504592221544,SJF,0.9
2813,4.380659174577023,SJF,0.9
2814,4.5008390451114115,SJF,0.9
2815,4.977883967032632,SJF,0.9
2816,4.456687943081227,SJF,0.9
2817,3.982400491576195,SJF,0.9
2818,4.026757490646961,SJF,0.9
2819,4.439338987186227,SJF,0.9
2820,4.1871954517653505,SJF,0.9
2821,3.9430740635221118,SJF,0.9
2822,4.221965856131945,SJF,0.9
2823,5.241039598630502,SJF,0.9
2824,4.054446053373842,SJF,0.9
2825,4.007171812613776,SJF,0.9
2826,4.589474595598521,SJF,0.9
2827,3.978904642909979,SJF,0.9
2828,4.422840590576118,SJF,0.9
2829,4.2136781553451375,SJF,0.9
2830,4.486915880259025,SJF,0.9
2831,4.798873240493219,SJF,0.9
2832,4.362685575180589,SJF,0.9
2833,4.914497892560412,SJF,0.9
2834,4.3162982615036345,SJF,0.9
2835,4.699582192533431,SJF,0.9
2836,4.281687609717654,SJF,0.9
2837,4.207981801726969,SJF,0.9
2838,4.359486473225115,SJF,0.9
2839,4.682220701992792,SJF,0.9
2840,4.31633748670036,SJF,0.9
2841,4.394512953642928,SJF,0.9
2842,4.398531755038067,SJF,0.9
2843,4.48974477387754,SJF,0.9
2844,4.793262501362091,SJF,0.9
2845,4.426024573524846,SJF,0.9
2846,4.170897780222307,SJF,0.9
2847,4.859753291819572,SJF,0.9
2848,4.205617398832927,SJF,0.9
2849,4.5869380122567485,SJF,0.9
2850,4.659668661313267,SJF,0.9
2851,4.4861665035131315,SJF,0.9
2852,4.34794589817045,SJF,0.9
2853,4.8413625035415935,SJF,0.9
2854,3.9777860502295663,SJF,0.9
2855,4.972074437253141,SJF,0.9
2856,4.566607258578764,SJF,0.9
2857,4.400641709020647,SJF,0.9
2858,4.1966437857264625,SJF,0.9
2859,4.1999195026246285,SJF,0.9
2860,4.748934862385362,SJF,0.9
2861,4.068806725485616,SJF,0.9
2862,4.563590675268466,SJF,0.9
2863,4.334355497905279,SJF,0.9
2864,4.8236884255627865,SJF,0.9
2865,4.060929441412985,SJF,0.9
2866,4.483876005719971,SJF,0.9
2867,4.713994013805487,SJF,0.9
2868,4.8543739402587995,SJF,0.9
2869,4.4724806440535465,SJF,0.9
2870,4.307502607005618,SJF,0.9
2871,4.511790076748539,SJF,0.9
2872,4.8145247958732815,SJF,0.9
2873,5.5052456437787445,SJF,0.9
2874,4.514249589882401,SJF,0.9
2875,4.317481144879508,SJF,0.9
2876,4.734472492803951,SJF,0.9
2877,4.010832085617787,SJF,0.9
2878,5.175196236578041,SJF,0.9
2879,4.260187864627814,SJF,0.9
2880,4.816284192018954,SJF,0.9
2881,4.210850300927619,SJF,0.9
2882,4.2418508968035225,SJF,0.9
2883,5.242115272399967,SJF,0.9
2884,4.3676472570330835,SJF,0.9
2885,4.038031904503294,SJF,0.9
2886,4.039163555696455,SJF,0.9
2887,4.387866938233157,SJF,0.9
2888,6.007707395180203,SJF,0.9
2889,4.424582454032232,SJF,0.9
2890,4.900385721032836,SJF,0.9
2891,4.335588741304721,SJF,0.9
2892,4.985730586285592,SJF,0.9
2893,4.62542760090762,SJF,0.9
2894,4.579897372872863,SJF,0.9
2895,4.338688656654918,SJF,0.9
2896,4.339245533666289,SJF,0.9
2897,4.045237242259351,SJF,0.9
2898,4.598043995167879,SJF,0.9
2899,4.576935167757027,SJF,0.9
2900,4.012692779924872,SJF,0.9
2901,4.6639396308832515,SJF,0.9
2902,4.508634386701489,SJF,0.9
2903,4.162475873004752,SJF,0.9
2904,4.322986274353518,SJF,0.9
2905,4.62021234096488,SJF,0.9
2906,4.569928347551626,SJF,0.9
2907,4.285843535787845,SJF,0.9
2908,4.633360907901676,SJF,0.9
2909,4.276702086854246,SJF,0.9
2910,4.248742533470501,SJF,0.9
2911,4.806019993815955,SJF,0.9
2912,4.48627057367561,SJF,0.9
2913,4.417794505522796,SJF,0.9
2914,4.256045721427537,SJF,0.9
2915,4.222317635149642,SJF,0.9
2916,4.402600456962681,SJF,0.9
2917,4.239910453610758,SJF,0.9
2918,4.439309435389683,SJF,0.9
2919,4.23814974006168,SJF,0.9
2920,4.39863018987769,SJF,0.9
2921,3.996859294221228,SJF,0.9
2922,4.883658427944529,SJF,0.9
2923,4.254898156482202,SJF,0.9
2924,4.0792901178101015,SJF,0.9
2925,4.571706697564671,SJF,0.9
2926,3.9664018377862194,SJF,0.9
2927,4.9651250253063495,SJF,0.9
2928,4.1626308113053225,SJF,0.9
2929,4.475986381681483,SJF,0.9
2930,4.345925653289526,SJF,0.9
2931,4.8752464990703706,SJF,0.9
2932,4.204298184851234,SJF,0.9
2933,4.205074851390668,SJF,0.9
2934,4.152844310876141,SJF,0.9
2935,4.31205455956598,SJF,0.9
2936,4.447237201326251,SJF,0.9
2937,4.723436896389799,SJF,0.9
2938,4.465930689320404,SJF,0.9
2939,4.132059223054707,SJF,0.9
2940,4.323530182997142,SJF,0.9
2941,4.692258801470125,SJF,0.9
2942,4.299924006160202,SJF,0.9
2943,4.979870414575492,SJF,0.9
2944,4.460314838677458,SJF,0.9
2945,3.723518375546189,SJF,0.9
2946,4.821850621421582,SJF,0.9
2947,4.215460220504226,SJF,0.9
2948,4.285943902929566,SJF,0.9
2949,4.267221194167963,SJF,0.9
2950,4.621907889454789,SJF,0.9
2951,4.709801093672482,SJF,0.9
2952,4.1878097586341045,SJF,0.9
2953,4.277398733651492,SJF,0.9
2954,4.639282076904682,SJF,0.9
2955,4.539099524539993,SJF,0.9
2956,4.949027873294997,SJF,0.9
2957,5.249856129885562,SJF,0.9
2958,5.06780975236745,SJF,0.9
2959,4.099239247463422,SJF,0.9
2960,4.319437526186617,SJF,0.9
2961,3.931384562575205,SJF,0.9
2962,4.624353228094368,SJF,0.9
2963,4.550276550997239,SJF,0.9
2964,4.137826378688535,SJF,0.9
2965,4.119598946198203,SJF,0.9
2966,4.128300111348233,SJF,0.9
2967,4.241614548600451,SJF,0.9
2968,5.180018260004042,SJF,0.9
2969,4.266908594663757,SJF,0.9
2970,4.44990131214829,SJF,0.9
2971,4.133196930828258,SJF,0.9
2972,4.066925956070022,SJF,0.9
2973,4.425634913134417,SJF,0.9
2974,5.045240434860803,SJF,0.9
2975,4.089256031405372,SJF,0.9
2976,4.406690956073078,SJF,0.9
2977,4.236000619565344,SJF,0.9
2978,3.907216391618576,SJF,0.9
2979,5.060970840672979,SJF,0.9
2980,4.734094935511025,SJF,0.9
2981,4.344343968956553,SJF,0.9
2982,4.425569697404507,SJF,0.9
2983,4.747939319862078,SJF,0.9
2984,3.943391727399928,SJF,0.9
2985,4.327643833316566,SJF,0.9
2986,3.9324761502900403,SJF,0.9
2987,4.462423033069861,SJF,0.9
2988,4.192586194161573,SJF,0.9
2989,4.080044725047924,SJF,0.9
2990,4.332748335714579,SJF,0.9
2991,4.533096751012183,SJF,0.9
2992,4.899041418863764,SJF,0.9
2993,4.427124387902092,SJF,0.9
2994,4.364877252840347,SJF,0.9
2995,4.95494082204724,SJF,0.9
2996,4.635585233231072,SJF,0.9
2997,4.385975103383786,SJF,0.9
2998,4.418764216040621,SJF,0.9
2999,4.340288055656118,SJF,0.9
