Minimal Cost,Optimal Path,iterations,Computation Time,Dataset,Start Temperature,End Temperature,Local Minima,Cooling Factor,Markov Chain Length
3605.2302233190053,"[  0   1 241 242 277 278 247 249 248 255 253 256 262 263 257 258 259 260
 273 272 261 270 271  14  15  17  16 133 269 134 268 264 265 266 267 135
 136 137 138 177 149 148 147 139 140 146 141 142 144 145 143 202 203 215
 214 217 216 218 219 220 221 222 223 224 232 233 234 235 236 231 230 237
 238 244 243 240 239 245 246 229 250 209 206 211 204 205 207 252 251 254
 208 226 225 227 228 213 210 212 201 200 199 197 198 194 195 196 192 193
 191 190 188 163 162 170 171 172 105 107 109 108 111 112  87  88  89  79
  78  92  98  97  96  95  93  94  77  76  74  84  64  85  86  83  73  72
  71  70  69  68  67  58  57  56  55  44  43  60 117 116 115 114 113 110
 106 173 161 174 160 181 179 178 180 175 176 150 151 155 152 121 128 153
 154 123 122 120 119 118 156 157 158 159 182 183 184 186 185 189 187 164
 165 166 167 169 104 168  99 100  91 103 102 101  90  80  81  75  82  65
  66  63  62  61  59  42  41  40  45  54  53  46  47  52  49  50  51  48
  39  38  37  36  35  34  33  32  31  28  27  30  29 124 125 126 127  19
  20 129 130  25  26  21  24  18 131 132  22  23  13  12  11  10   9   8
   6   7 274 275   4   5 276   3   2 279   0]",18,0.987440824508667,a280,1000,0.005,"[32084.5079963  32032.4498277  32002.431332   ...  3616.23055554
  3605.23022332  3605.23022332]",0.5,5000
3580.228112929127,"[  0   2 279   1 241 240 239 230 231 232 225 226 227 228 249 246 243 250
 229 244 245 238 237 236 235 234 233 224 221 222 223 220 219 218 217 214
 216 215 212 204 203 202 205 264 263 252 207 206 211 213 210 209 208 251
 254 253 256 257 258 259 260 261 262 272 273 271  14 270  15  16  17  18
 131 132 133 268 269 134 135 267 136 266 265 138 139 137 148 147 141 140
 146 145 144 142 143 198 200 199 201 195 197 196 194 193 190 191 192 185
 189 188 187 186 184 183 182 181 174 172 173 106 107 103 108 111 109 110
 113 112 115 114 116  61 117  62  85  87  89  90  88  80  75  81  82  86
  84  83  64  65  70  69  68  67  66  71  72  73  74  76  77  78  79  92
  93  94  95  96 101 100  98  97  91 102 105 104 168  99 166 167 169 171
 170 165 164 163 162 161 160 159 158 175 180 179 178 176 177 149 150 157
 156  42  59  60  63  58  57  45  43  56  55  54  53  47  46  39  38  37
  36  49  50  48  51  52  44  41  40  34  35  33  32  31  30  29  28 125
 124 123 122 153 121 120 119 118 151 155 152 154 126 127 128 129 130  20
  19  21  26  25  27  24  22  23  13  12  11  10   9   7   6   8 274 275
   5 276 278 277 248 255 247 242   3   4   0]",18,1.0072462558746338,a280,1000,0.005,"[34898.02597592 34701.46022513 34649.42827525 ...  3586.92989165
  3580.22811293  3580.22811293]",0.5,5000
3528.256388294594,"[  0   1 247 248 277 259 258 257 256 255 254 251 208 209 207 204 203 215
 216 217 218 219 202 199 198 200 195 197 196 192 189 185 186 184 183 163
 162 160 159 174 161 182 181 180 179 178 149 153 154 152 155 151 156 157
 158 175 177 150 176 118 119 120 121  41  42  55  45  54  53  46  47  52
  51  48  50  49  36  37  35  34  33  39  38  40  44  56  43  58  62  63
  57  67  68  69  66  72  71  70  73  74  76  77  75  81  82  86  85  64
  65  84  83 112 115  61  59  60 117 116 114 113 110 108  87 111 109 107
  89  79  88  80  78  96  95  94  93  92  91  97  98  99 100 168 169 101
 102  90 103 104 106 105 173 172 170 171 165 166 167 164 187 188 190 191
 193 194 201 220 221 222 223 224 226 227 228 229 250 249 246 230 245 244
 243 242 241 240 239 238 236 237 231 232 235 233 234 225 210 214 213 212
 211 206 205 252 253 262 261 260 273 272 271 270  15 134 263 264 265 137
 139 138 147 140 141 142 143 144 145 146 148 266 136 135 267 268 269 133
 132 131  18  17  16  25  26  27  28  29  32  31  30 125 126 124 122 123
 128 130 129 127  20  19  21  24  22  23  13  14  12  11  10   6   9   7
   8   5   4 274 275 276   3   2 278 279   0]",18,1.0034849643707275,a280,1000,0.005,"[33843.38350869 33819.48308395 33814.95213659 ...  3537.55460958
  3528.25638829  3528.25638829]",0.5,5000
3575.535646740614,"[  0 279   1 241 242 243 246 248 254 251 253 256 255 249 245 244 240 239
 238 230 231 237 236 235 232 234 233 224 223 222 220 221 218 219 215 212
 213 214 216 217 225 226 227 228 229 250 208 210 209 206 139 265 138 137
 136 135 134 269 133 267 266 264 263 268 262 261 258 259 275 276   5   4
   6   7   9  10  11   8 274 260 273 272 271 270  15  12  14  13  23  16
  17  22  24  21  25 125 123 122 121 120 152 119 118 157 159 158 156  60
 116 115 112 113 114 117  61  63  58  57  68  69  66  70  71  72  74  73
  75  82  88  80 108  89  79  90 103 111 110 109 107 104 106 105 170 172
 173 174 160 181 175 180 179 178 146 141 140 147 148 149 177 176 150 151
 155 154 153 128 126 127  20  18 131 132  19 130 129  26  27  28  30  29
 124  31  32  34  33  36  35  37  38  49  50  51  48  47  52  53  46  45
  54  55  44  56  67  43  40  39  41  42  59  62  64  85  65  84  83  86
  87  81  78  76  77  94  95  96  93  97  92  91  98 100  99 167 168 102
 101 169 171 166 165 164 163 162 161 182 183 184 186 185 189 187 188 190
 192 191 193 194 196 195 197 198 200 199 143 144 145 142 202 201 203 204
 211 205 207 252 257 247 277 278   3   2   0]",18,0.9977309703826904,a280,1000,0.005,"[33331.22198416 33167.45837594 33059.38660222 ...  3585.44449176
  3575.53564674  3575.53564674]",0.5,5000
3548.8111872804675,"[  0   1 241 243 244 239 240 242 277 278 276 275 274 259 273 260 258 257
 261 253 254 208 251 252 207 206 205 204 203 211 209 212 215 216 219 220
 221 222 223 218 217 214 213 210 228 225 224 226 227 233 234 235 236 231
 232 238 237 230 245 246 250 229 249 247 248 255 256 262 263 266 136 137
 135 132 133 134 269 268 267 264 265 139 138 148 147 140 146 141 142 145
 143 202 201 200 194 193 197 198 144 199 195 196 192 191 188 185 189 190
 187 186 162 163 164 165 167 166 170 171 169 105 168  99  98 100 101 102
  91  92  93  97  96  95  77  94  79  80  78  81  88  89  90 108 103 104
 107 109  87 111 110 106 172 173 161 160 184 183 182 181 180 179 178 149
 177 176 175 158 156 118 119 152 155 150 151 157 174 159 113 112 115 116
 114 117  60  61  62  63  65  64  85  84  86  83  82  75  74  76  73  72
  71  70  69  66  68  67  57  58  43  56  55  54  53  52  47  48  49  50
  51  46  44  59  42  45  39  40  41  33  34  38  37  36  35  32  31  30
  29 125 124 123 122 120 121 154 153 127 129 128 126  28  27  26  25 130
  20  19  17  18 131  16  15  21  24  22  23  13  12  11  14 272 271 270
  10   9   6   7   8   5   4   3   2 279   0]",18,0.9986963272094727,a280,1000,0.005,"[34667.10432767 34646.93759935 34467.1518559  ...  3551.2009988
  3548.81118728  3548.81118728]",0.5,5000
3593.0997072560367,"[  0   3   4   5   8   6   7  11  12  13  23  22  24  21  25  26  27  20
 129 128 153 121 120 119 152 155 154 122  40  41  42  59  60  58  62  63
  64  84  83  86 111 110 113 112  87  82  81  80  79  88  89 108 109 114
 115  85  61 117 116 156 118 151 157 158 159 174 173 106 172 105 102 168
 100 101 103 107 104 169 170 171 165 164 187 181 180 175 178 179 176 150
 177 148 149 269 268 134 135 136 137 138 139 147 146 145 143 199 203 202
 201 211 212 213 214 217 215 216 219 220 221 218 222 223 224 225 226 233
 234 235 232 231 229 250 244 239 245 238 237 236 230 228 227 210 208 207
 205 204 206 209 252 256 257 258 259 273 260 261 262 263 267 266 265 264
 140 141 142 144 198 197 200 195 194 193 196 190 191 189 188 185 192 182
 183 184 186 160 161 162 163 166 167  99  98  97  91  90  92  96  95  94
  93  77  78  76  74  75  73  72  71  70  69  65  66  68  67  57  56  43
  44  55  54  45  46  39  34  37  38  47  53  52  51  48  50  49  36  35
  33  29  28  30  31  32 124 123 125 126 127  19 131 130  18  17  16 132
 133  15 270 271  14   9  10 272 274 275 276 247 249 248 254 251 253 255
 277 278   2 279 241 240 243 246 242   1   0]",18,1.0032849311828613,a280,1000,0.005,"[33225.91170376 33175.50258794 33075.19225772 ...  3594.52487194
  3593.09970726  3593.09970726]",0.5,5000
3438.728048695524,"[  0 279   2 278 277   3 275 276   4   5   6   7   8 274 273   9  10  11
  12  14  13  23  21  26  25  24  22  27  31 124 123 122  42  41  40  39
  45  55  56  57  61  62  63  67  68  66  69  70  65  64  85  84 115 112
  83  71  72  73  75  74  76  77  94  95  93  96  97  92  91  90  89 107
 109 108  88  80  79  78  81  82  86  87 111 110 113 114 116 117  60  59
  58  43  44  54  53  46  47  48  52  51  50  49  37  36  35  38  34  33
  32  30  29  28 125 126 128 127  20 131 132 133 269 134 135 266 136 268
 267 259 260 272 271 270  15  16  17  18  19 129 130 153 154 121 120 119
 152 150 177 176 180 175 159 158 157 156 118 155 151 149 148 138 137 265
 139 140 264 263 261 262 205 204 203 199 197 196 198 144 143 142 141 145
 146 147 178 179 181 174 160 173 172 106 105 103 104 102 101 171 170 162
 161 183 182 163 164 169 168  98 100  99 167 166 165 187 185 184 186 188
 189 190 192 191 193 194 195 200 201 202 212 215 216 218 222 221 220 219
 217 214 213 223 224 225 226 210 211 206 207 209 208 251 252 254 253 256
 257 258 255 248 247 242 243 246 249 250 244 245 230 229 228 227 232 233
 234 235 231 236 237 238 239 240 241   1   0]",18,1.0056257247924805,a280,1000,0.005,"[34403.60372603 34348.25630701 34204.81179741 ...  3443.4143402
  3438.7280487   3438.7280487 ]",0.5,5000
3469.2795658609075,"[  0   1 279   2 278 277 247 249 248 246 242 241 240 243 245 244 239 238
 237 236 235 230 231 229 250 227 210 228 232 233 234 226 225 224 223 222
 218 221 220 219 216 217 214 213 215 212 211 206 209 207 252 251 208 204
 205 253 256 254 255 257 258 259 276 275 274 273 260 261 262 263 265 138
 148 149 136 137 139 140 141 146 145 199 142 143 144 198 197 193 194 203
 202 201 200 195 196 192 190 191 189 188 187 163 162 164 165 166 167 100
  99  98  97  93  96  95  94  77  76  81  82  87  88 108 107 103  91 102
 104 109 111 112  86  83  84  65  66  64  63  62  85 114 110 113 115 116
 117  61  60  59 120 121 122 124  29 123 127 126 125 153 128  20 129 130
 131  18  19  25  26  27  28  30  31  32  42  41  40  39  38  34  33  35
  36  37  47  48  50  49  51  52  53  46  54  45  44  55  57  58  43  56
  67  68  69  70  71  73  72  74  75  80  78  79  89  92  90 101 168 171
 170 172 169 105 106 173 161 160 174 159 158 157 156 118 119 152 154 155
 151 150 177 176 175 180 181 183 184 186 185 182 179 178 147 264 266 135
 267 134 268 269 133  21  24  22  23  17 132  16  15 270 272 271  11  13
  14  12  10   8   9   7   6   5   3   4   0]",18,1.0127921104431152,a280,1000,0.005,"[34926.95440009 34838.5631198  34809.37672037 ...  3475.39102204
  3469.27956586  3469.27956586]",0.5,5000
3659.0049690352903,"[  0   4   5 275 276 278 277 247 248 249 250 227 228 229 208 252 207 206
 211 210 209 253 254 251 255 256 257 258 261 262 263 264 265 138 139 140
 147 146 141 204 205 213 214 212 202 203 142 143 201 199 144 145 178 177
 150 151 149 148 137 266 267 133 134 136 135 268 269  17 132  16  15  14
 270 271 272 260 259 273 274   8   6   7   9  10  11  12  23  13  22  24
  21  25  28 125 126 128 129 154 124  29  30  31  27  26  18 131 130  19
  20 127 153 152 155 119 118 121 120 122 123  39  40  41  42  58  57  67
  68  56  55  44  45  52  48  49  50  51  47  36  35  32  33  34  37  38
  46  53  54  43  59  60  63  66  65  71  72  69  70  73  75  74  76  93
  95  94  77  78  79  80  89  91  90 107 109 110 113 112 115 114 116 117
  61  62  85  64  84  83  82  88 108 111  86  87  81  92  96  97  98  99
 100 101 102 103 104 105 172 174 156 157 159 158 176 175 179 180 181 182
 183 184 186 185 161 160 173 106 162 163 164 171 170 167 168 169 166 165
 187 188 189 190 191 192 193 196 197 198 200 195 194 220 219 216 215 217
 224 223 222 221 218 225 226 233 234 232 235 236 231 230 245 244 246 237
 238 239 240 243 242 241   1 279   2   3   0]",18,0.996384859085083,a280,1000,0.005,"[34260.23129377 34224.32692946 34168.76566953 ...  3666.08219153
  3659.00496904  3659.00496904]",0.5,5000
3677.025592707992,"[  0   4 276 274 273 271  14  15 270  16  17  18  19 130 131 132 133 269
 134 268 267 260 259 258 257 277 278   3 272 275   5   6   8   9   7  10
  11  13  12  22  23  24  26  25  21  27 127  20 129 128 126 125 123 124
 121 153 154 155 118 156 157 158 160 159 174 173 172 106 107 102 104 105
 171 170 169 168 101 100  99  98  97  91  90  92  93  96  95  94  77  75
  74  76  78  79  89  88  81  80  73  72  71  70  83  82  87 111 109 108
 103 110 113 112  86  84  64  65  66  69  68  67  63  62  85 115 114 117
 116  61  60  59  58  57  43  55  56  42  41  40  39  38  37  48  47  53
  54  45  44  46  52  51  50  49  36  35  29  28  30  31  32  33  34 122
 119 120 152 151 177 149 150 176 175 180 179 181 182 183 184 185 186 161
 162 163 167 166 165 164 187 188 197 198 199 200 196 192 189 190 191 193
 194 195 220 221 222 218 219 217 216 215 214 213 210 211 206 209 227 225
 223 224 226 232 233 234 235 236 231 237 230 229 228 250 245 238 239 240
 243 244 246 249 208 207 205 204 203 202 212 201 143 142 145 144 178 147
 146 141 140 139 138 148 137 265 264 266 136 135 263 261 262 256 253 252
 251 254 255 248 247 242 241   1 279   2   0]",18,1.0079092979431152,a280,1000,0.005,"[35931.11674965 35927.89297857 35782.09985162 ...  3702.39817571
  3677.02559271  3677.02559271]",0.5,5000
3386.595101527929,"[  0   2 278   3   4   5   6   8   7   9  10 272 273 271  11  12  13  14
  16 132 131  18  17  23  22  24  21  25  26  27  31  32  33  34  38  48
  50  51  49  36  35  37  45  44  43  56  55  54  46  47  52  53  68  67
  57  58  62  63  66  65  69  70  71  72  73  74  75  81  88  80  78  76
  77  94  95  96  93  92  79  89 108 109 107 103  90 101 100  91  97  98
  99 167 166 168 102 104 106 105 169 170 171 172 173 110 113 111  87 112
 115  85  64  84  82  83  86 114 116 117  61  60  59  42  41  40  39 120
 121 122 123 125 124  29  30  28 126 127  20  19 130 129 128 153 154 152
 155 119 118 156 151 150 157 158 159 160 183 184 185 192 196 195 194 193
 191 190 189 188 186 187 165 164 163 162 161 174 181 182 180 179 178 175
 176 177 149 148 147 140 141 146 145 144 143 142 201 200 197 198 199 202
 203 216 219 220 221 222 223 224 225 217 218 215 214 213 212 210 211 206
 207 251 252 208 209 227 226 233 234 231 245 230 229 228 232 235 236 237
 238 239 244 250 249 246 247 248 255 254 253 256 257 258 261 262 263 204
 205 264 266 265 139 138 137 136 135 134 267 268 133 269  15 270 260 259
 274 275 276 277 242 241 240 243   1 279   0]",24,1.3378689289093018,a280,1000,0.005,"[33157.22953234 33132.41316335 33041.48876554 ...  3399.33397471
  3386.59510153  3386.59510153]",0.6,5000
3364.55924917227,"[  0 279   1 241 242 240 239 244 245 238 237 236 235 234 233 232 231 230
 228 227 226 224 225 223 222 221 220 219 217 216 218 214 215 212 211 210
 213 202 203 204 205 206 207 251 208 209 229 250 249 248 254 256 257 258
 259 260 261 262 271 272 273 274   8   6   7   9  10  12  11 270  15  14
  13  16 132 131  18  17  23  22  24  21  25  20  19 130 129 128 127 126
 125  26  27  28  29  30  31  32  35  37  36  39  33  34  38  40  41  59
  42  43  44  45  46  47  48  49  50  51  52  53  54  55  56  58  57  67
  68  63  62  61  60 117 116 114 115  85  84  64  65  66  69  70  71  72
  73  83  74  76  78  75  81  82  87  86 112 113 110 111 108 109 107 104
 103 102  90  91 168 101  89  88  80  79  77  93  94  95  96  92  97  98
 100  99 167 166 169 171 170 165 163 164 187 188 185 189 190 191 192 196
 193 194 195 200 201 199 143 197 198 144 145 142 141 146 149 151 156 118
 119 120 121 124 123 122 153 154 152 155 150 176 160 174 159 158 157 173
 106 172 105 161 162 186 184 183 182 180 175 181 179 178 177 148 147 138
 140 139 265 137 136 135 134 133 269 268 267 266 264 263 252 253 255 247
 277 246 243   2 278 276 275   5   4   3   0]",24,1.328584909439087,a280,1000,0.005,"[34946.91995708 34944.40209469 34905.69884452 ...  3373.20215339
  3364.55924917  3364.55924917]",0.6,5000
3242.756100935956,"[  0   1 241 242 240 243 249 250 229 230 237 245 238 239 244 246 247 248
 255 254 253 251 208 207 205 204 203 252 206 211 212 209 210 227 228 232
 231 236 235 234 233 225 226 224 223 222 218 221 220 219 217 214 215 213
 216 202 142 143 199 201 195 194 193 196 197 200 198 144 145 141 146 148
 149 178 179 181 182 183 184 185 186 187 188 189 190 191 192 180 175 176
 177 150 151 152 155 154 153 121 122 123 125 124 120 119 118 156 157 158
 159 106 105 169 170 171 172 173 174 160 161 162 163 164 165 166 167 100
 101 168  99  98  91 102 103 104 107 108  88  90  89  79  92  97  96  95
  94  93  78  75  81  80  77  76  74  73  72  71  70  66  69  68  67  57
  61  62  63  64  65  84  85  86  83  82  87 112 111 109 110 113 114 115
 116 117  60  59  41  42  58  43  56  55  54  53  45  46  52  51  50  49
  47  48  36  34  35  37  38  44  40  39  33  32  31  29  30  28 126  27
  26  25 127  20  19  21  24  22  16  17  18 128 129 130 131 132 133 269
 134 268 135 136 267 266 137 138 140 147 139 265 264 263 262 261 260 256
 257 258 259 273 272 271 270  15  23  13  14  12  11  10   9   6   7   8
 274 275   5   4 276   3 277 278   2 279   0]",24,1.3436458110809326,a280,1000,0.005,"[34968.73812066 34947.0560959  34931.92416834 ...  3242.80412856
  3242.75610094  3242.75610094]",0.6,5000
3236.688388215468,"[  0   4   5   6   7   8 275 276   3 278 277 249 250 230 237 236 231 235
 234 233 232 227 226 225 224 222 223 218 221 220 219 216 217 214 215 213
 212 202 200 197 198 199 143 144 145 142 141 146 140 147 178 179 181 182
 183 163 164 184 185 189 188 187 186 190 192 191 193 196 194 195 201 203
 204 205 206 211 209 210 228 229 252 207 208 251 254 253 256 255 258 259
 274 273 272 270  15 271   9  10  11  14  12  13  23  22  24  21  25  26
  27  31  28 125 126 127  20 130 131 132 133 268 135 134 269  16  17  18
  19 129 128 153 154 152 119 155 151 156 157 118 120 121 122 123 124  29
  30  32  33  35  36  49  50  48  51  52  53  46  47  38  37  34  39  40
  41  42  59  60 117  61  62  56  55  54  45  44  43  58  57  63  64  65
  66  69  68  67  70  71  72  76  74  73  75  81  87  88  80  79  78  77
  94  95  96  93  91  90  89 103 102 101  97  92  98  99 100 168 167 166
 165 170 171 169 104 108 111  82  83  86  84  85 116 114 115 112 113 110
 109 107 106 105 172 173 160 161 162 159 158 174 180 175 176 150 177 149
 148 138 137 136 267 266 265 139 264 263 262 261 260 257 248 247 243 246
 244 245 238 239 240 242 241   1 279   2   0]",24,1.336879014968872,a280,1000,0.005,"[32725.10016626 32659.55865247 32525.22077763 ...  3256.46547586
  3236.68838822  3236.68838822]",0.6,5000
3226.8570621763847,"[  0   1 242 241 240 243 244 246 247 248 249 250 245 239 238 237 230 236
 235 234 233 232 231 227 226 225 224 223 222 221 220 219 218 217 214 212
 210 211 204 205 207 253 255 254 252 251 208 206 209 229 228 213 216 215
 203 202 142 145 146 141 140 147 149 148 138 139 265 137 136 135 134 267
 266 264 263 268 262 261 256 257 258 260 259 275 274 273 272 271  14 270
  15  16 269 133 131 132  17  18  19 130  20 127 126 125 128 129 153 123
 122 121 154 152 155 120 119 118 156 157 158 176 150 151 177 179 180 181
 182 183 184 186 185 188 163 161 162 173 172 171 170 169 105 104 103 106
 160 174 159 175 178 198 144 143 199 201 200 197 196 195 194 193 192 191
 190 189 187 164 165 166 167 168 100  99  98  97  96  95  94  77  93  92
  91 101 102  90  89  88  80  79  75  83  84  64  65  63  62  61  60  42
  41  59 117 116 114 112 113 110 109 107 108 111 115  85  86  87  82  81
  78  76  74  73  72  71  70  69  66  68  67  58  43  57  56  55  54  53
  44  45  46  47  52  51  48  49  50  36  35  34  37  38  39  40  33  32
  31  30  29 124  28  27  26  21  25  24  22  23  13  12  11  10   9   8
   7   6   5   4 276   3 278 277   2 279   0]",24,1.3418183326721191,a280,1000,0.005,"[33812.40877661 33785.64646048 33759.14454368 ...  3233.48447917
  3226.85706218  3226.85706218]",0.6,5000
3236.8184737802007,"[  0   4   5   8 275 274 273 259 258 257 256 255 254 251 252 253 263 262
 261 260 272 271 270  14   6   7   9  10  11  12  13  23  22  24  21  25
  26  27  28 125 126 127 153 154 128 129  20  19  18 131 132  17 130  16
  15 269 133 268 267 264 265 266 135 134 149 152 155 151 150 157 156 118
 119 120 121 122 123 124  29  30  31  32  33  35  34  39  38  37  36  49
  50  48  52  51  47  53  46  40  54  45  44  55  56  43  41  42  59  62
  63  64  84  83  85 115 114 116 117  60  61  58  57  68  67  65  66  69
  70  71  72  73  74  75  81  80  78  93  79  76  77  94  95  96  92  97
  98 100  99 167 166 165 164 163 162 184 186 187 188 189 190 191 193 196
 192 185 183 182 160 161 172 105 106 104 103 107 111 109 110 113 112  86
  82  87  88 108  89  90  91 102 101 168 169 170 171 173 158 159 174 181
 180 179 178 175 176 177 148 136 137 138 139 140 147 141 146 142 145 198
 144 197 194 195 200 199 143 201 202 203 215 212 211 204 205 206 207 208
 209 210 213 214 217 216 218 219 220 221 224 223 222 225 226 233 234 235
 232 231 236 237 238 239 244 240 241 242 243 246 245 230 227 228 229 250
 249 248 247 277 278 276   3   2 279   1   0]",24,1.3427109718322754,a280,1000,0.005,"[35033.54970465 34837.43007507 34819.19243269 ...  3238.24363846
  3236.81847378  3236.81847378]",0.6,5000
3396.701218749576,"[  0 279   1 241 240 239 243 242 247 248 249 246 244 245 238 230 232 231
 236 237 235 234 233 226 213 214 217 218 216 215 212 211 210 209 208 229
 250 228 227 225 224 223 222 221 220 219 200 199 143 142 141 146 145 144
 197 198 196 193 194 195 201 202 203 206 205 204 207 252 251 253 254 256
 255 277 275 276 259 258 257 261 260 272 271 262 266 136 137 149 148 138
 147 140 139 265 264 263 267 135 134 268 269 133 132  17  18  21  26  27
  28  29  30  31  32  33  35  36  49  50  51  52  53  54  55  44  43  56
  57  58  61 114 115  86 112 113 110 111 109 108 107 106 173 162 163 164
 170 171 172 105 104 103  89  79  78  80  81  88  82  87  83  84  85  64
  65  63  67  68  69  66  70  71  72  73  75  74  76  77  94  95  96  93
  97  92  90  91  98 102 101 100  99 168 169 167 166 165 187 188 186 184
 185 189 190 191 192 183 182 181 179 178 177 155 151 150 176 175 180 161
 160 174 159 157 158 156 118 119 120 121  60 117 116  62  59  42  41  40
  38  39  45  46  47  48  37  34 123 122 124 125 126 128  20  19 131 130
 129 152 154 153 127  25  24  22  23  16  15 270  14  13  12  11  10   9
 273 274   6   7   8   5   4   3 278   2   0]",24,1.3922038078308105,a280,1000,0.005,"[34456.69373509 34419.12446189 34311.17820424 ...  3400.01492725
  3396.70121875  3396.70121875]",0.6,5000
3418.604982390538,"[  0 279   1 241   2 278 277 242 240 243 244 239 238 245 237 236 233 234
 235 232 231 230 227 226 225 224 223 222 221 218 220 219 216 217 214 213
 210 215 212 194 195 200 199 198 197 196 193 191 192 184 187 188 189 190
 185 186 182 181 183 162 163 164 166 165 170 171 169 103 101  91  90  78
  79  92  93  94  95  96  97  98  99 167 168 100 102  89  88 108 109 107
 104 106 105 172 173 161 160 174 159 175 180 158 157 156 118 119 120 121
 154 152 151 155 176 150 177 179 178 149 148 147 265 263 264 266 267 268
 133 269  15 270 262 261 260 259 258 257 256 255 248 246 249 247 250 229
 228 209 208 251 254 253 252 207 206 211 205 204 203 202 201 143 145 144
 142 146 141 140 139 138 137 136 135 134 131 132  16  17  18  19 130  20
 127 128 129 153 126 125 123  40  39  45  46  47  38  37  36  34  33  32
  31  35  49  50  48  51  52  53  54  55  67  68  69  70  66  65  71  72
  73  74  76  77  75  80  81  87 112  84  64  63  85  86  83  82 111 110
 113 115 114 116  59  60 117  61  62  58  57  56  43  44  41  42 122 124
  29  30  28  27  26  25  21  24  22  23  13  12  11  14 271 272  10   9
 273 274 275   8   7   6   5   4 276   3   0]",24,1.427858829498291,a280,1000,0.005,"[34965.51495944 34922.8986422  34769.1160266  ...  3420.44094453
  3418.60498239  3418.60498239]",0.6,5000
3415.0067625680676,"[  0 279   1   2 278   3   4 276 277 258 260 259 275 274 273 272 271   5
   6   9   7   8  10  11  12  13  14 270  15 269 268 261 262 263 264 266
 137 136 135 267 134 133  16 132 131 130  19  20 129  18  17  22  23  24
  21  25  26 127 128 126 125 153 154 152 155 151 120 119 118 156 157 158
 159 160 161 174 180 175 181 182 183 162 163 188 189 190 185 184 186 187
 164 169 102  91  98  99 100 101 168 167 166 165 170 171 105 172 173 106
 104 107 108 103  90  89  79  78  92  97  96  93  95  94  77  76  74  73
  72  71  70  69  68  67  66  65  64  84  83  75  81  80  88  87  82 111
 109 110 113 114 112  86  85 115 116 117  60  62  63  61  58  57  56  55
  44  43  59  42  41 123 124  29  28  27  30  32  31  33  34  38  37  35
  36  49  50  51  52  53  54  45  46  47  48  39  40 122 121 150 176 179
 178 177 149 148 138 265 139 140 147 141 142 146 145 144 198 197 195 196
 192 191 193 194 200 201 199 143 202 212 211 206 209 210 213 208 252 207
 251 254 256 257 255 253 205 204 203 215 214 218 221 220 219 216 217 222
 223 224 225 226 227 228 229 250 245 230 232 233 234 235 231 236 237 239
 238 244 240 243 246 248 249 247 242 241   0]",24,1.3890469074249268,a280,1000,0.005,"[33404.64331486 33374.00336324 33310.48087873 ...  3415.70631764
  3415.00676257  3415.00676257]",0.6,5000
3373.8353394421165,"[  0 279   2 247 277 278   3 276 259 258 257 261 262 263 264 138 139 265
 266 267 268 269 133 134 135 136 137 148 149 178 179 180 175 176 177 150
 151 155 152 154 121 122 153 128 127 125 126  30  29 124 123  32  31  28
  27  26  25  21  20 129  19 130 132 131  18  17  16  24  22  23  13  15
 270 271 272  14  11  12  10   9   7 274 273   5   4   6   8 275 260 256
 255 248 254 251 253 252 207 205 212 210 213 215 216 214 226 232 237 230
 236 231 235 234 233 225 224 223 222 221 220 218 217 219 200 197 196 195
 194 193 191 192 190 185 189 188 187 186 163 164 165 166 170 171 169 168
 167  99 100  98  97  93  96  95  94  77  76  80  78  75  74  73  72  71
  70  69  68  66  65  84  64  63  67  57  56  58  43  44  45  55  54  53
  52  51  50  49  48  38  34  33  35  36  37  47  46  39  40  41  42  59
  60  62  61 117 116 114 115  85  86  83  82  87 111 109 110 113 112 108
  81  88  89  90  79  92  91 101 102 104 103 107 106 105 172 173 162 161
 174 159 156 118 119 120 157 158 160 183 184 182 181 144 145 141 147 140
 146 142 143 199 198 201 202 203 204 211 206 208 209 227 228 229 250 249
 245 238 244 246 243 242 240 239 241   1   0]",24,1.3814897537231445,a280,1000,0.005,"[34513.54770092 34474.60255571 34291.4670437  ...  3376.86280051
  3373.83533944  3373.83533944]",0.6,5000
3113.6942114946232,"[  0   1 241 242 240 243 244 239 238 245 246 249 250 229 228 227 231 237
 230 236 235 234 232 233 226 225 224 223 222 217 218 221 220 219 216 214
 215 202 203 204 205 206 211 212 213 210 209 208 251 207 252 253 256 257
 255 254 248 247 278 277   4   5   6   7   8   9  10 273 272 271 270  15
 269  16  17  18  14  11  12  13  23  22  24  21  25  26  27  28  30  31
  32  29  33  35  36  49  50  51  52  48  47  46  53  54  45  44  55  56
  57  62  61  59  60 117 116 115 112 113 114 110 108  89  90  91  98  99
 100 168 167 166 165 164 163 162 161 173 172 171 170 169 105 106 103 102
 101 104 107 109 111  86  85  64  65  84  83  87  82  75  81  88  80  79
  78  92  97  96  93  95  94  77  76  74  73  72  71  70  66  69  68  67
  63  58  43  42  41  40  39  38  37  34 122 123 121 120 119 118 156 157
 158 174 159 160 181 182 183 184 189 188 187 186 185 190 192 191 193 194
 195 200 201 143 197 196 199 198 144 145 142 141 146 140 139 265 264 266
 135 136 137 138 147 148 178 179 180 175 176 177 149 150 151 155 152 154
 153 125 124 126 127 128 129  20  19 130 131 132 133 134 268 267 263 262
 261 260 258 259 274 275 276   3   2 279   0]",35,2.0237269401550293,a280,1000,0.005,"[35464.00524096 35269.6361617  35248.42045058 ...  3144.47965681
  3113.69421149  3113.69421149]",0.7,5000
3168.750964843358,"[  0   1 241 240 242 243 247 277 276 275 274   8 273 260 259 258 257 256
 255 254 248 249 250 246 244 239 245 238 237 230 236 235 232 231 229 228
 227 226 233 234 223 224 225 222 221 220 219 216 218 217 215 212 214 213
 210 211 206 209 208 251 253 252 207 205 204 203 202 201 195 194 193 191
 192 197 196 200 199 198 144 143 142 145 146 147 148 137 265 136 135 134
 268 269 133 132  18  19 130 129 127 126 128  20 131  17  16  15 270 271
 272 261 262 267 266 264 263 141 140 139 138 149 120 119 118 156 117 116
 115 114 113 110 108 109 111 112  85  84  64  65  66  63  62  58  61  60
  59  42  41  40  39  46  47  38  36  37  48  49  50  51  52  53  54  45
  44  55  56  43  57  67  68  69  70  71  72  73  74  76  77  94  75  81
  82  83  86  87  88  80  78  79  92  93  95  96  97  98  99 100 168 167
 166 165 170 171 169 172 105 104 102 101  91  90  89 103 107 106 173 174
 160 161 162 163 164 186 188 187 189 190 185 184 183 182 181 179 178 175
 180 159 158 157 150 176 177 151 155 152 154 153 121 122 123 125  29 124
  33  34  35  32  31  30  28  27  26  25  21  24  22  23  13  14  12  11
  10   9   7   6   5   4   3 278   2 279   0]",35,2.0082387924194336,a280,1000,0.005,"[33960.31702679 33831.75329445 33618.591724   ...  3174.93719827
  3168.75096484  3168.75096484]",0.7,5000
3140.9723545902643,"[  0 279   2 278 277   3 276 275 274   5   4   6   7   8   9  10 273 272
  11  14  12  13  23  22  24  21  25  26  27  28  29  30  31  33  32  35
  34  37  36  49  51  50  48  47  52  46  53  54  44  43  58  62  63  67
  68  57  56  55  45  38  39  40  41  42  59  60 117  61 116 114 113 110
 109 107 104 103  89  90  91  97  93  78  75  82  83  86  87  81  80  79
  88 108 111 112 115  85  84  64  65  66  69  70  72  71  73  74  76  77
  94  95  96  92  98  99 100 168 101 102 105 106 172 170 171 169 167 166
 165 187 188 189 190 191 192 193 194 196 195 197 200 199 143 142 198 144
 145 146 141 140 139 264 265 137 138 147 148 149 178 179 181 182 183 184
 186 185 164 163 162 161 173 160 174 180 175 159 158 157 150 176 177 151
 155 156 118 119 120 121 122 123 124 125 126 127  20 129 128 153 154 152
 130 131  19  18 132  17  16  15 270 271 269 133 134 268 135 136 266 267
 263 262 261 253 256 257 260 259 258 255 248 254 251 252 207 208 250 249
 247 246 244 245 230 231 229 228 227 210 209 206 205 203 202 201 204 211
 212 213 215 214 216 219 220 221 218 217 222 223 224 225 226 232 233 234
 235 236 237 238 239 240 243 242 241   1   0]",35,2.0249149799346924,a280,1000,0.005,"[34336.05203105 34137.80284952 34091.06387734 ...  3145.59287227
  3140.97235459  3140.97235459]",0.7,5000
3054.2002699492523,"[  0   1 241 242 243 240 239 244 245 238 237 236 232 233 235 234 223 222
 221 220 219 216 217 218 224 225 226 213 214 215 212 210 211 206 205 204
 203 140 141 146 145 144 142 143 202 201 200 199 198 197 196 195 194 193
 192 191 190 189 188 187 186 185 184 183 182 181 177 150 176 175 180 179
 178 149 148 147 138 137 265 139 264 263 262 267 266 136 135 133 134 268
 269  16  17 132 131  18  19  20 127 126 128 129 130 154 153 122 121 120
 118 119 152 155 151 156 157 158 159 174 160 173 172 161 162 163 164 165
 166 167 168 171 170 169 106 105 104 102 103 107 109 110 111  87 108  89
  79  90  91 101 100  99  98  97  92  93  96  95  94  75  73  74  76  77
  78  80  88  81  82  86  83  84  85 112 113 114 115 116  62  61 117  60
  59  42  58  43  57  63  64  65  72  71  70  69  66  68  67  56  44  55
  54  53  52  51  50  49  36  35  37  48  47  46  45  40  41  39  38  34
  33  32  31  30  29 124 123 125  28  27  26  25  21  24  22  23  13  12
  11  10  14  15 270 271 272 273 274 275   8   7   9   6   5   4   3 276
 259 260 261 258 257 256 255 254 253 207 252 251 208 209 229 228 227 231
 230 250 249 246 248 247 277 278   2 279   0]",35,2.0190839767456055,a280,1000,0.005,"[34592.08675067 34588.60658584 34518.77627714 ...  3055.50203549
  3054.20026995  3054.20026995]",0.7,5000
3215.3372259663724,"[  0 279   2 278 277   3   4   5   6   7   8   9  10  11  12  13  23  22
  24  21  25  26  27  28 122 125 123 124  29  30  31  32  33  34  38  37
  35  36  49  48  50  51  52  47  46  39  40  41  42  59  60 117 116 115
 114 113 110 111 112  85  86  83  82  87  81  75  84  64  63  65  71  70
  69  68  67  57  44  45  53  54  55  56  43  58  61  62  66  72  73  74
  76  77  94  93  95  96  97  92  79  78  80  88 108 109 107 105 106 103
 104 102  89  90  91 101 100  98  99 168 167 166 165 171 170 169 172 173
 162 161 160 174 159 158 180 175 176 177 148 147 146 138 140 139 137 136
 265 264 266 267 135 134 133 132 269 268 263 262 261 260 258 259 276 275
 274 273 272 271 270  14  15  16  17 131 130 128 129  20  19  18 127 126
 153 154 152 155 118 120 121 119 156 157 150 151 149 178 179 181 182 183
 184 163 164 187 186 185 188 189 190 191 192 193 194 220 221 218 219 216
 217 222 223 224 214 215 212 213 210 209 206 211 203 202 201 199 200 195
 196 197 198 144 145 143 142 141 204 205 207 252 208 228 227 226 225 233
 234 235 232 231 236 237 238 245 230 229 251 254 253 256 257 255 248 250
 249 247 242 243 246 244 239 240 241   1   0]",35,2.0262091159820557,a280,1000,0.005,"[32727.12143577 32577.74556945 32539.32654335 ...  3220.02351747
  3215.33722597  3215.33722597]",0.7,5000
3189.9573806015414,"[  0 279   1 241 242 247   2   3 278 277 248 249 246 243 240 239 244 245
 238 237 236 235 234 233 232 231 230 250 229 228 227 225 226 224 223 222
 221 220 219 218 217 216 215 203 204 205 206 211 212 214 213 210 209 208
 207 251 252 253 254 255 256 264 139 265 263 262 261 257 258 259 260 274
   5   6   8   7   9  10  11  12  14  13  23  22  24  21  28  27  26  25
  18 131 130 129  20  19 128 127 126 125 123 124  29  30  31  32  33  34
  35  36  37  38  39  40  41  44  45  46  47  48  49  50  51  52  53  54
  55  56  43  58  62  63  64  65  84  85 115 116 114 110 113 112  86  83
  87 111 109 108  89  88  81  80  78  79  93  92  90  91  98  97  96  95
  94  77  76  74  73  75  82  72  71  70  69  66  68  67  57  61 117  60
  59  42 120 121 122 153 154 152 119 118 156 157 159 158 174 173 172 105
 106 107 103 104 102 101 100  99 168 169 167 166 165 170 171 163 164 186
 187 188 189 190 191 193 194 196 195 197 198 192 185 184 183 162 161 160
 182 180 181 175 176 150 151 155 149 177 179 178 145 144 199 200 201 202
 143 142 141 140 146 147 148 138 137 136 266 135 267 268 269 134 133 132
  17  16  15 270 272 273 271 275 276   4   0]",35,2.0166468620300293,a280,1000,0.005,"[34310.68500366 34265.64176544 34192.79801626 ...  3189.9573806
  3189.9573806   3189.9573806 ]",0.7,5000
3109.167058328472,"[  0   2 279 278 247 248 255 256 257 258 259 277 274 275 276   3   4   5
   6   7   8   9  10  11  12  14  13  23  22  24  21  25  26  27  31  30
  32  33  41  40  39  38  34  36  35  37  48  49  50  51  47  52  53  46
  45  44  54  55  43  56  57  58  62  63  64  85 115 114 116 117  61  60
  59  42 118 156 157 158 159 174 160 161 173 172 105 106 107 103 104 102
 101 100  91  90  89 108 109 110 113 112 111  87  88  80  81  82  86  83
  84  65  66  68  67  69  70  71  72  73  75  78  74  76  77  94  93  95
  96  92  79  97  98  99 168 167 166 165 169 171 170 162 163 164 187 188
 190 189 185 186 184 183 182 181 180 175 179 178 177 176 150 151 155 119
 152 120 121 122 123 124  29  28 125 126 127  20 129 128 153 154 130 131
  19  18  17  16 132 133 267 266 263 264 265 139 140 141 142 143 199 201
 200 195 194 191 192 193 196 197 198 144 145 146 147 148 149 138 137 136
 135 134 268 269  15 270 271 272 273 260 261 262 253 254 251 252 207 205
 203 202 204 206 211 212 215 216 217 218 219 220 221 222 223 214 213 210
 209 208 228 227 226 225 224 233 234 232 231 235 236 237 238 239 245 230
 229 250 249 246 244 243 240 242 241   1   0]",35,2.022836923599243,a280,1000,0.005,"[32436.81652634 32370.49270233 32354.2428599  ...  3109.16705833
  3109.16705833  3109.16705833]",0.7,5000
3195.0740379858194,"[  0 279   1 241 242   2 278 277   3 276 247 248 259 258 257 256 255 253
 254 251 252 208 207 205 204 203 212 211 206 209 210 213 214 215 217 218
 224 225 226 227 228 231 229 250 249 246 243 240 239 244 245 238 237 230
 236 235 234 232 233 223 222 221 220 219 216 202 201 195 194 193 191 190
 192 196 200 199 198 197 143 144 145 146 142 141 140 147 138 137 265 139
 264 263 266 136 135 267 134 268 269 133 132  16  17  18  19 131 130 129
 128 153 154 152 120 119 118 156 157 150 151 155 121 122 123 126 125 124
  29  33  34  36  48  52  51  50  49  47  46  53  54  44  45  55  56  57
  58  43  61  62  63  67  68  66  69  70  71  72  73  75  74  76  77  94
  93  95  96  92  97  98  99 100 168 167 166 171 170 165 164 163 162 186
 188 187 189 185 184 183 182 181 180 175 179 178 148 149 177 176 158 159
 174 160 161 173 172 169 105 106 104 102 101  91  90  89  88  81  78  79
  80 108 103 107 109 111 110 113 112  86  87  82  83  84  65  64  85 115
 114 116 117  60  59  42  41  40  39  38  37  35  32  30  31  28  27  26
 127  20  25  21  24  22  23  15  14  11  13  12  10 272 271 270 261 262
 260 273 274 275   8   9   7   6   5   4   0]",35,1.9799120426177979,a280,1000,0.005,"[33347.42628419 33335.78762288 33255.48032942 ...  3196.82782673
  3195.07403799  3195.07403799]",0.7,5000
3036.019814123348,"[  0   2   3   4   5   6   7   8 275 274 273 272 271 270  15  14   9  10
  11  12  13  23  22  24  21  25  16  17  18  19  20  26  27  28 126 127
 128 129 130 131 132 133 269 134 268 267 135 136 266 265 137 139 138 149
 155 152 154 153 120 121 122 123 125 124  29  30  31  32  33  35  34  38
  37  36  49  50  51  48  47  52  53  54  55  56  57  67  68  66  69  70
  71  72  73  74  76  75  65  63  64  84  83  86  85  61  62  58  43  44
  45  46  39  40  41  42  59  60 117 116 115 114 113 112  87  82  81  80
  79  78  77  94  95  96  97  93  92  91  98  99 167 166 170 171 169 168
 100 101 102  90  89  88 108 111 110 109 107 103 104 106 105 172 173 160
 174 159 158 157 156 119 118 151 150 177 176 175 180 181 182 161 162 163
 164 165 187 188 189 190 185 186 184 183 179 178 148 147 146 140 141 142
 145 143 144 198 199 200 197 196 192 191 193 194 195 201 202 203 204 205
 206 211 212 215 213 214 217 216 219 220 221 218 222 223 224 225 226 234
 233 235 236 231 232 227 228 210 209 208 207 252 251 229 250 249 248 254
 255 253 256 257 262 263 264 261 260 258 259 276 278 277 247 246 243 244
 245 230 237 238 239 240 242 241   1 279   0]",35,1.9451930522918701,a280,1000,0.005,"[33940.17742556 33871.38243807 33661.5140527  ...  3044.94985987
  3036.01981412  3036.01981412]",0.7,5000
3054.3469416083567,"[  0 279   1 241 240 239 238 237 236 235 234 233 232 231 230 245 244 242
 243 246 248 255 208 251 252 207 253 254 256 257 262 263 264 265 139 140
 141 142 145 146 147 138 137 136 266 135 267 268 134 130 129 128  20  19
 131 132 133 269 261 258 260 259 277   3   4   5 276 275   6   7   9   8
 274 273 272 271  10  11  12  13  14 270  15  16  17  18  23  22  24  21
  25  26  27  28 127 126 125  29  30  31  32  33 124 123 122 153 154 152
 151 155 121 120 119 118 156 157 150 177 149 148 178 179 181 180 175 176
 158 159 174 160 161 173 172 171 170 169 168 100 101 102 104 105 106 103
 107 109 108  88  89  90  79  78  80  81  87 111 110 113 114 116 117  60
  59  42  41  40  44  45  39  38  34  35  36  37  48  49  50  51  52  47
  46  53  54  55  67  57  56  43  58  61  62  63  85 115 112  86  82  83
  84  64  65  66  68  69  70  71  72  73  75  74  76  77  94  95  96  93
  97  92  91  98  99 167 166 165 164 163 162 182 183 184 186 185 188 187
 189 190 191 192 193 194 197 196 195 200 198 144 143 199 201 202 203 204
 205 206 209 213 210 211 215 212 214 218 217 216 219 220 221 222 223 224
 225 226 227 228 229 250 249 247 278   2   0]",35,1.9429831504821777,a280,1000,0.005,"[35627.87576576 35460.21424139 35208.62937392 ...  3063.37311295
  3054.34694161  3054.34694161]",0.7,5000
2962.0663272218035,"[  0 279   2 278 277 276   3   4   5   6   7   9   8 275 274 273 272 259
 258 260 261 262 271 270  15  14  10  11  12  13  23  22  24  21  25  26
  27  28  30  31  32  33  29 124 123 125 126 127 128 129  20  19  18 130
 131 132  17  16 133 269 268 134 135 266 265 137 136 267 263 264 139 140
 147 138 148 149 177 176 175 159 158 157 156 152 155 151 150 154 153 122
 121 120 119 118 116 114 113 115  63  64  84  85  62  58  61 117  60  59
  42  41  40  39  38  37  34  35  36  47  48  49  50  51  52  53  46  45
  54  55  44  43  56  57  67  68  66  65  69  70  71  72  73  74  75  76
  77  78  81  82  83  86 112  87 111 110 109 107 108  88  80  79  89  90
  91  92  93  94  95  96  97  98 100  99 167 166 165 171 170 169 168 101
 102 103 104 105 106 172 173 174 160 161 162 163 164 184 186 185 192 191
 190 189 188 187 183 182 181 180 179 178 146 141 142 143 145 144 198 197
 196 193 194 195 200 199 201 202 203 204 205 207 208 251 252 253 256 257
 255 254 248 247 242 243 244 246 249 250 229 228 209 206 211 210 213 212
 215 214 217 216 219 220 221 218 222 223 224 225 226 227 233 234 235 232
 231 236 237 230 245 238 239 240 241   1   0]",55,3.032337188720703,a280,1000,0.005,"[34838.58219662 34780.84969848 34684.1184537  ...  2962.06632722
  2962.06632722  2962.06632722]",0.8,5000
3060.4423994615054,"[  0 279   2 278   4 276 275 259 260 261 262 263 268 269 270  15  16  17
  18  19 131 132 133 134 135 267 266 264 139 265 136 137 138 148 147 146
 140 141 142 145 144 143 203 202 201 199 198 197 200 195 194 193 196 192
 191 190 189 188 187 164 163 186 185 184 183 182 181 180 179 178 149 177
 150 176 175 157 158 159 174 160 161 162 173 172 106 105 104 103 102 101
 168 170 171 169 165 166 167  99 100  98  97  96  95  93  92  91  90  89
  79  78  94  77  76  74  75  73  72  71  70  69  66  68  67  57  63  64
  65  84  83  86 112 111  87  82  81  80  88 108 107 109 110 113 114 115
  85  62  61 116 117  60  59 119 118 156 151 155 152 120 121 122 123 124
  29  33  34  39  40  46  47  48  49  50  51  52  53  54  45  44  55  56
  43  58  42  41  38  37  36  35  32  31  30  28 125 153 154 129 130  20
 127 128 126  27  26  25  21  24  22  23  13  12  11  10  14 271 272 273
 274   8   9   7   6   5   3 277 258 257 256 253 255 254 252 251 208 207
 206 205 204 211 209 210 213 212 215 214 217 216 219 220 218 221 222 223
 224 225 227 226 228 229 230 231 232 233 234 235 236 237 238 239 244 245
 250 249 248 247 246 240 243 242 241   1   0]",55,3.0400328636169434,a280,1000,0.005,"[33528.45471457 33324.93334222 33309.75242145 ...  3060.44239946
  3060.44239946  3060.44239946]",0.8,5000
3033.4530036233405,"[  0   3 276 275   5   4   6   8   7   9 274 273 272 271 270  15  16  14
  10  11  12  13  23  22  24  21  25  26  27  28 127  20  19  18  17 132
 131 130 129 128 153 126 125 123 124  29  30  31  32  33  34  40  39  38
  35  36  37  48  49  50  51  52  47  46  53  54  45  55  56  57  58  62
  63  64  65  66  67  68  69  70  71  72  73  74  76  77  75  79  78  94
  95  96  93  92  97  98  99 100 168 169 167 166 165 171 170 172 173 106
 105 104 107 109 110 113 114 112 111 108 103 102 101  91  90  89  88  80
  81  82  87  86  83  84  85 115 116 117  61  60  59  42  43  44  41 122
 121 120 119 118 154 152 155 151 177 176 150 156 157 158 159 174 175 180
 181 160 161 162 163 164 187 188 189 190 191 193 194 195 200 201 143 202
 203 204 206 207 205 263 264 265 139 138 148 147 140 141 146 142 145 144
 198 199 197 196 192 185 186 184 183 182 179 178 149 137 136 266 267 135
 134 269 133 268 262 261 260 259 258 257 256 253 255 254 252 251 208 209
 210 213 211 212 215 214 216 217 218 219 220 221 222 223 224 225 226 233
 234 235 236 237 230 231 232 228 227 229 250 245 238 244 239 240 241   1
 242 243 246 249 248 247 277 278   2 279   0]",55,3.036648988723755,a280,1000,0.005,"[33886.27811684 33882.54321659 33842.70789974 ...  3049.45300362
  3033.45300362  3033.45300362]",0.8,5000
2998.0446420391117,"[  0 279   2 247 248 254 255 256 257 258 277 278   3   4   5 276 259 260
 273 274 275   8   7   6   9  10  11  12  14  13  22  23  24  21  25  26
  27  31  32  33  34  35  36  37  38  39  40  41  42  59  60  58  43  44
  45  46  47  48  49  50  51  52  53  54  55  56  57  67  68  66  69  70
  71  65  63  64  84  85  86 112 115  62  61 117 116 114 113 110 109 107
 106 105 104 103 102  91  90  89 108 111  87  88  79  80  81  82  83  72
  73  75  74  76  77  78  94  95  96  93  92  97  98  99 100 101 168 169
 167 166 165 170 171 172 173 160 174 159 158 157 156 118 119 176 175 180
 181 182 183 164 163 162 161 184 185 186 187 188 189 190 191 192 193 194
 195 196 197 200 199 198 144 145 143 142 141 140 139 265 264 263 266 267
 268 269 133 134 135 136 137 138 148 147 146 149 178 179 177 150 151 155
 152 154 153 120 121 122 123 124  29  30  28 125 126 127 128 129  20  19
 130 131  18  17 132  16 270  15 271 272 261 262 253 252 251 208 207 206
 205 204 203 202 201 216 217 219 220 221 218 222 223 224 225 233 234 235
 236 237 230 231 232 227 226 213 214 215 212 211 210 209 228 229 250 249
 246 243 244 245 238 239 240 242 241   1   0]",55,3.0314559936523438,a280,1000,0.005,"[34373.23220257 34355.20659678 34350.08591611 ...  2998.04464204
  2998.04464204  2998.04464204]",0.8,5000
3018.434675161978,"[  0 279   2 278 277   3 276   4   5   6   7   9  10   8 275 259 258 255
 256 257 261 262 260 274 273 272 271 270  14  11  12  13  15  16  23  22
  24  21  25  26  27  28 126 128 127  20 129  19 130 131  18  17 132 133
 269 268 134 135 267 136 137 265 266 263 264 139 138 148 147 140 141 142
 146 145 144 143 199 198 197 196 192 185 186 184 183 182 181 180 176 150
 155 151 177 149 178 179 175 158 159 174 157 156 118 119 120 117  60  59
  42  41  40  39  38  34  33  29 124 123 122 121 152 154 153 125  30  31
  32  35  37  36  49  50  51  48  47  52  53  46  45  54  55  44  43  56
  57  67  68  66  69  70  71  72  73  75  74  76  77  94  95  93  96  92
  97  98  91  90  79  78  80  81  88 108 111 112  87  82  83  86  85  84
  64  65  63  62  58  61 116 115 114 113 110 109 106 173 160 161 162 163
 172 105 104 107  89 103 102 101 100  99 168 169 170 171 167 166 165 164
 187 188 189 190 191 193 194 195 200 201 202 203 204 205 207 252 253 254
 251 208 209 206 211 210 213 212 214 217 218 215 216 219 220 221 222 223
 224 225 226 233 234 235 236 237 230 231 232 227 228 229 250 249 248 247
 246 245 238 239 244 243 240 242 241   1   0]",55,3.0294528007507324,a280,1000,0.005,"[34733.71226796 34613.13026285 34449.93056841 ...  3019.22683127
  3018.43467516  3018.43467516]",0.8,5000
2978.2847933636426,"[  0   4   5   6   8   7   9  10  11  12  13  23  22  24  21  25  26  27
  28  30  31  32  33  34  35  36  49  50  51  52  48  47  37  38  39  40
  46  53  54  45  44  55  56  57  58  43  41  42  59  60 117 116  61  62
  63  67  68  69  70  66  65  64  84  86 112 110 113 114 115  85  83  82
  87 111 109 107 108  88  89  90  79  80  81  75  71  72  73  74  76  77
  78  93  94  95  96  92  97  98 100  99 167 166 169 168 101  91 102 103
 104 105 106 173 172 170 171 165 164 163 184 185 186 187 188 189 190 191
 192 197 196 193 194 195 219 220 221 222 223 224 225 226 233 234 235 236
 237 238 239 244 240 241 242 243 246 249 250 229 245 230 231 232 228 227
 214 217 218 216 215 212 213 210 209 208 207 206 211 204 203 202 201 200
 199 198 144 143 142 145 141 146 147 140 139 264 265 266 267 268 269 133
 134 135 136 137 138 148 149 178 179 181 182 183 162 161 160 174 159 158
 180 175 176 177 150 157 156 118 119 151 155 152 154 153 120 121 122 123
 124  29 125 126 127 128 129  20  19 130 131 132  18  17  16  15 270  14
 271 272 273 274 275 259 260 261 262 263 205 252 251 255 258 257 256 253
 254 248 247 277 276   3 278   2 279   1   0]",55,3.0587828159332275,a280,1000,0.005,"[33831.96317633 33782.21352794 33538.3718982  ...  2981.23233364
  2978.28479336  2978.28479336]",0.8,5000
2928.383286329423,"[  0   4   5   3 276 275   6   7   9   8 274 259 261 260 273 272 271 270
  15  14  10  11  12  13  23  22  24  21  25  26  27  28 124  29  30  31
  32  33  35  34  38  37  36  49  50  51  48  47  52  53  54  45  46  39
  40  41  42  43  44  55  56  57  58  59  60 117  61  62  63  64  65  66
  67  68  69  70  71  72  73  75  74  76  77  78  79  80  81  87  88 108
  89  90  91  92  93  94  95  96  97  98  99 100 168 167 166 165 164 163
 187 188 189 190 191 192 185 186 184 183 162 161 160 174 159 173 172 171
 170 169 101 102 103 104 105 106 107 109 110 113 114 112 111  86  82  83
  84  85 115 116 158 157 156 118 119 120 121 122 123 125 126 127  20 130
 131 132 133 134 268 269  16  17  18  19 129 128 153 154 152 155 151 150
 177 176 175 180 181 182 179 178 149 148 138 147 146 145 142 143 144 198
 197 196 193 194 195 200 199 201 202 203 204 141 140 139 265 137 136 135
 267 266 264 263 262 253 256 257 258 255 254 251 252 205 207 208 209 206
 211 210 213 212 215 216 214 217 219 220 221 218 222 223 224 225 226 233
 234 235 236 231 232 227 228 229 230 237 238 245 250 249 246 244 239 243
 240 241 242 247 248 277 278   2 279   1   0]",55,3.068903923034668,a280,1000,0.005,"[33722.60368872 33661.53175366 33630.8783697  ...  2932.65838288
  2928.38328633  2928.38328633]",0.8,5000
2939.148402162058,"[  0   1 241 242 240 243 244 239 238 237 236 235 234 233 225 226 227 232
 231 230 245 229 228 210 209 206 205 207 208 251 252 253 256 260 261 262
 263 267 266 265 264 139 140 141 146 145 142 144 143 202 203 204 211 212
 215 213 214 217 218 224 223 222 221 220 219 216 201 199 198 197 200 195
 194 193 196 192 191 190 189 188 187 186 185 184 183 182 181 180 179 178
 175 176 177 149 148 147 138 137 136 135 134 268 269 133  16  17 132 131
  18  19 130 129  20 127 128 126 125  29 124 123 122 121 120 119 118 153
 154 152 155 151 150 156 157 158 159 174 173 160 161 162 163 164 165 166
 167 169 171 170 172 105 106 104 103 107 102  90  91 101 168 100  99  98
  97  92  79  80  88  89 108 109 110 111  87  86  83  82  81  75  78  93
  96  95  94  77  76  74  73  72  71  70  69  68  67  66  65  64  84  85
 115 112 113 114 116 117  60  59  42  61  62  63  57  58  43  56  44  55
  54  53  52  51  50  49  48  36  35  37  38  47  46  45  41  40  39  34
  33  32  31  30  28  27  26  25  21  24  22  23  13  12  10  11  14  15
 270 271 272 273   8   9   7   6   5   4 275 274 259 258 257 255 254 248
 249 250 246 247 277 276   3 278   2 279   0]",55,3.162612199783325,a280,1000,0.005,"[33504.93000149 33361.72222307 33245.91958994 ...  2947.14840216
  2939.14840216  2939.14840216]",0.8,5000
3024.91765604053,"[  0   1 241 242 246 249 250 229 228 227 231 230 245 244 243 240 239 238
 237 236 232 235 234 233 226 225 214 217 224 223 222 221 220 218 219 216
 215 212 213 211 210 209 208 251 252 207 205 206 204 203 202 201 199 198
 143 144 145 142 146 141 140 139 265 264 263 262 256 253 254 248 255 257
 258 259 275 274 273 260 261 269  16  17  18 130  19  20 131 132 133 268
 134 135 267 266 136 137 138 147 148 149 153 154 152 155 151 150 177 176
 175 180 178 179 181 182 183 184 192 193 196 197 200 195 194 191 190 189
 188 187 185 186 162 161 163 164 165 170 171 166 167  99 100 101 168 169
 104 107 109 110 111 112 113 114 115  85 116 117  61  60  59  42  41  40
  33  32  34  35  36  37  38  39  45  46  47  48  49  50  51  52  53  54
  55  44  43  56  57  58  62  63  64  84  86  83  65  66  67  68  69  70
  71  72  73  75  74  76  77  78  80  81  82  87  88 108  89  79  92  93
  94  95  96  97  98  91  90 102 103 106 105 172 173 160 174 159 158 157
 156 118 119 120 121 122 123 124  29 125 126 128 129 127  28  30  31  27
  26  25  21  24  22  23  13  12  11  14  15 270 271 272  10   9   7   8
   6   5   4 276   3 278 277 247   2 279   0]",55,3.0440189838409424,a280,1000,0.005,"[34489.40132438 34447.06367101 34412.2266884  ...  3024.91765604
  3024.91765604  3024.91765604]",0.8,5000
3064.725687381739,"[  0   4   5   6   7   9  10  11  12  13  14 270  15  23  22  21  24  25
  26  27 126 125 123 124  29  30  28  31  32  33  35  34  38  39  37  36
  49  50  51  48  47  52  53  46  54  55  45  44  40  41  42  59  43  56
  57  58  67  68  66  69  70  71  72  73  74  76  75  78  77  94  93  95
  96  97  92  79  90  89  91  98 100  99 167 166 165 170 171 169 168 101
 102 103 104 106 158 157 156 118 119  60 117  61  62  63  65  64  84  83
  85 115 116 114 113 110 112  86  82  81  80  88  87 111 108 109 107 105
 172 173 161 160 174 159 175 176 177 150 151 155 152 120 121 122 153 154
 128 127  20 129 130  19  18 131  17  16 132 133 269 268 134 135 267 261
 262 263 264 136 266 265 137 138 148 149 178 179 180 181 182 183 184 162
 163 164 187 186 185 188 189 190 191 192 196 193 194 195 200 197 198 199
 144 143 142 141 140 139 147 146 145 201 202 203 204 212 211 206 205 207
 209 210 213 214 217 216 215 219 218 220 221 222 223 224 225 226 232 233
 234 235 236 231 237 230 245 238 239 240 243 244 246 249 250 229 228 227
 208 251 252 253 254 255 256 257 258 259 260 271 272 273   8 274 275 276
   3 278 277 248 247 242 241   1 279   2   0]",55,3.0406222343444824,a280,1000,0.005,"[32940.93065308 32824.6204256  32753.46602419 ...  3066.14842601
  3064.72568738  3064.72568738]",0.8,5000
2965.6400355123956,"[  0   4   3 276 275   5   6   7   9   8 274 273 272 271 270  15  14  10
  11  12  13  16  17  23  22  24  21  25  26  27  28 126 125 123 122 121
 120 119 116 117  61  60  59  42  41  40  39 124  29  30  31  32  33  34
  35  36  37  38  48  49  50  51  52  47  46  53  54  45  44  55  56  43
  58  62  57  67  68  66  69  70  71  72  73  74  75  76  77  78  80  79
  90  89 108  88  81  82  83  84  65  63  64  85  86  87 111 112 115 114
 113 110 109 107 103 102  91  92  93  94  95  96  97  98  99 167 100 101
 168 169 171 170 166 165 164 163 162 161 172 105 104 106 173 160 174 159
 175 176 150 158 157 156 118 151 155 152 154 153 128 127  20 129 130  19
  18 131 132 133 269 268 134 135 267 263 264 265 266 136 137 139 140 141
 146 147 138 148 149 177 178 179 180 181 182 183 184 185 186 187 188 189
 190 191 192 196 193 194 195 200 201 199 197 198 144 145 142 143 202 203
 204 205 206 211 209 208 207 252 251 254 253 262 261 260 259 258 257 256
 255 248 277 278   2 247 249 246 244 245 250 229 228 227 210 213 212 215
 214 216 217 218 219 220 221 222 223 224 225 226 232 233 234 235 236 231
 230 237 238 239 240 243 242 241   1 279   0]",116,6.449121952056885,a280,1000,0.005,"[34690.87073728 34535.60548367 34530.98285029 ...  2965.64003551
  2965.64003551  2965.64003551]",0.9,5000
2893.917279130365,"[  0 279   2   3 278 277 247 248 254 255 257 258 259 260 274 275 276   4
   5   6   7   9  10   8 273 272 271  14  11  12  13  23  22  24  21  17
  16 132 131  18  19 130 129  20 127  25  26  27  28 125 126 128 153 154
 152 155 151 150 157 156 118 119 120 121 122 123 124  29  30  31  32  33
  34  35  36  49  50  51  48  37  38  39  40  41  42  59  60  58  43  44
  45  46  47  52  53  54  55  56  57  67  68  69  70  71  72  73  74  75
  76  77  78  79  80  81  82  87 112  86  83  84  85  64  65  66  63  62
  61 117 116 115 114 113 110 111 109 108  88  89  90  91  92  93  94  95
  96  97  98  99 167 166 165 164 163 162 161 171 170 169 168 100 101 102
 103 107 104 105 106 172 173 160 174 159 158 181 182 183 184 185 186 187
 188 189 190 191 192 193 194 195 196 197 200 199 201 202 203 143 198 144
 145 142 146 141 140 147 178 179 180 175 176 177 149 148 138 139 264 265
 137 136 266 135 267 268 134 133 269  15 270 261 262 263 256 253 251 208
 209 206 207 252 205 204 211 210 212 213 214 215 216 217 218 219 220 221
 222 223 224 225 226 227 228 231 232 233 234 235 236 237 238 245 230 229
 250 249 246 244 239 240 243 242 241   1   0]",116,6.675286054611206,a280,1000,0.005,"[33244.23356884 33068.40994201 32972.59114937 ...  2893.91727913
  2893.91727913  2893.91727913]",0.9,5000
2965.4408345622137,"[  0   3 276   4   5   6   7   9   8 274 275 259 260 273 272  10  11  12
  13  14 271 270  15  16 132 131 130 129 128 153 125 126 127  20  19  18
  17  23  22  24  21  25  26  27  28  30  31  32  33  29 124 123 122 121
 120 119 154 152 155 151 150 157 156 118 116 115 114 113 110 111 109 107
 104 103 102  90  89  79  78  80  88 108  87  81  82  83  84  86 112  85
  61 117  60  59  42  41  44  45  40  39  38  37  34  35  36  48  49  50
  51  52  47  46  53  54  55  56  57  43  58  62  63  64  65  66  67  68
  69  70  71  72  73  74  75  76  77  94  95  96  93  97  92  91  98  99
 100 101 168 169 105 106 172 170 171 167 166 165 164 163 186 187 188 189
 185 184 183 182 162 161 173 160 174 159 158 175 180 181 179 178 176 177
 149 148 147 146 141 142 143 145 144 198 197 196 192 190 191 193 194 195
 200 199 201 202 203 204 140 139 138 137 136 135 134 133 269 268 267 266
 265 264 263 262 261 258 257 256 255 254 253 252 251 208 207 205 206 209
 210 211 212 213 214 215 216 219 220 221 222 223 224 218 217 225 226 227
 228 229 250 249 246 244 245 230 231 232 233 234 235 236 237 238 239 243
 240 241 242 247 248 277 278   2 279   1   0]",116,6.674386978149414,a280,1000,0.005,"[31248.3838728  31167.90007393 31075.46086355 ...  2967.6888022
  2965.44083456  2965.44083456]",0.9,5000
2872.3761479617015,"[  0   3 276   4   5   6   7   8 275 274 273 272 271 260 259 258 257 261
 262 263 264 139 140 141 142 143 144 145 146 147 148 138 137 265 266 136
 135 267 268 269 134 133 132  17  16  15 270  14   9  10  11  12  13  23
  22  24  21  25  26  18 131 130  19  20 129 128 127 126 125 153 154 152
 155 151 150 176 175 177 149 178 179 180 181 182 183 184 163 162 161 173
 160 174 159 158 157 156 118 119 120 121 122 123 124  29  28  27  31  30
  32  33  34  35  37  36  49  50  51  48  47  38  39  40  41  44  45  46
  52  53  54  55  56  43  58  42  59  60 117  61  62  63  57  67  68  69
  70  66  65  64  84  85  86 112 115 116 114 113 110 111  87  82  83  71
  72  73  74  75  76  77  78  81  80  79  90  89  88 108 109 107 103 102
 104 106 105 172 169 168 101  91  92  93  94  95  96  97  98 100  99 167
 166 171 170 165 164 187 186 185 188 189 190 191 192 196 193 194 195 200
 197 198 199 201 202 203 204 205 207 208 252 253 256 255 254 251 250 229
 228 227 210 209 206 211 212 213 214 215 216 217 218 219 220 221 222 223
 224 225 226 232 233 234 235 236 231 230 237 238 245 239 240 241 242 243
 244 246 249 248 247 277 278   2 279   1   0]",116,6.792005777359009,a280,1000,0.005,"[32778.97115993 32558.55340381 32536.7890552  ...  2872.37614796
  2872.37614796  2872.37614796]",0.9,5000
2935.8918441433007,"[  0 279   2 247 246 243 244 249 248 254 251 252 253 255 256 257 262 261
 260 259 258 277 278   3 276 275   4   5   6   7   8 274 273 272 271 270
  14   9  10  11  12  13  15  16 269 133 134 268 267 263 264 266 135 136
 137 265 139 140 141 142 145 146 147 138 148 149 177 175 176 150 151 155
 152 154 153 128 125 126 127 129  20  19  18 130 131 132  17  23  22  24
  21  25  26  27  28  29  30  31  32  35  36  37  38  34  33 124 123 122
 121 120 119 118 156 157 158 159 174 160 161 173 172 106 105 104 103 107
 108 109 111  87 112 110 113 114 116 117  61  60  59  42  41  40  39  45
  46  47  48  49  50  51  52  53  54  55  44  56  43  58  62  63  57  67
  68  69  70  71  72  66  65  64  85 115  86  84  83  82  81  75  73  74
  76  77  94  78  79  80  88  89  90 102  91  92  93  95  96  97  98  99
 100 101 168 169 171 170 167 166 165 164 163 162 182 181 180 179 178 183
 184 185 186 187 188 189 190 191 192 193 194 195 196 197 198 144 143 199
 200 201 202 203 204 212 211 206 205 207 208 209 210 213 214 215 216 217
 218 219 220 221 222 223 224 225 226 227 232 233 234 235 236 237 230 231
 228 229 250 245 238 239 240 242 241   1   0]",116,6.752892971038818,a280,1000,0.005,"[33794.71328425 33790.45904201 33750.11280641 ...  2935.89184414
  2935.89184414  2935.89184414]",0.9,5000
2777.189347356877,"[  0   1 241 242 240 243 247 277 259 258 257 256 253 252 251 254 255 248
 249 250 229 246 244 239 238 245 230 231 237 236 235 234 233 232 228 227
 226 225 224 223 222 217 218 221 220 219 216 215 214 213 212 211 210 209
 208 207 206 205 204 203 202 201 200 199 198 197 195 194 193 196 192 191
 190 189 188 187 186 185 184 183 182 181 160 161 162 163 164 165 166 167
 171 170 169 168 101 100  99  98  97  92  93  96  95  94  77  76  74  73
  72  71  70  69  68  67  66  65  84  64  63  62  57  56  55  44  45  54
  53  46  47  52  51  50  49  48  37  36  35  33  34  38  39  40  41  42
  43  58  59  60  61 117 116 114 113 112 115  85  86  83  82  81  75  78
  79  80  88  87 111 110 109 107 103 108  89  90  91 102 104 106 105 172
 173 174 159 158 157 156 118 119 120 121 122 123 124  29  30  32  31  28
  27  26  25  21  24  22  23  17  16 269 133 132 131  18 130  19  20 129
 128 127 126 125 153 154 152 155 151 150 176 175 180 179 178 177 149 148
 147 146 145 144 143 142 141 140 139 138 137 136 135 134 268 267 266 265
 264 263 262 261 260 273 272 271 270  15  14  13  12  11  10   9   7   6
   8 274 275 276   5   4   3 278   2 279   0]",116,6.734949111938477,a280,1000,0.005,"[32894.22088397 32835.721633   32805.40023127 ...  2777.18934736
  2777.18934736  2777.18934736]",0.9,5000
2874.9879151325795,"[  0   1 279   2 278 277 259 258 257 247 248 255 256 253 254 251 228 229
 250 249 246 245 244 243 242 241 240 239 238 237 230 236 231 232 235 234
 233 227 226 225 224 223 222 218 221 220 219 216 217 214 215 212 213 211
 210 209 208 252 207 206 205 204 203 202 201 199 200 195 194 196 197 198
 144 143 142 145 146 141 140 139 137 138 147 148 149 177 178 179 180 175
 176 150 151 155 152 119 118 156 157 158 159 174 160 173 162 161 181 182
 183 184 186 185 192 193 191 190 189 188 187 163 164 165 166 167  99  98
 100 101 102 168 169 171 170 172 106 105 104 103 107 109 110 111  87 112
 113 114 116 115  85  64  84  86  83  82  81  88 108  89  90  91  97  96
  95  94  93  92  79  80  78  77  76  75  74  73  72  71  70  69  68  67
  66  65  63  62  61 117  60  59  42  41  40  39  38  47  46  45  44  43
  58  57  56  55  54  53  52  51  50  49  48  37  36  35  34  33  32  31
  30  29  28  27  26  25 127 126 125 124 123 122 121 120 154 153 128 129
  20  19 130 131 132 133 269 268 134 135 267 136 266 265 264 263 262 261
 260 275   8 274 273 272 271 270  14  15  16  17  18  21  24  22  23  13
  12  11  10   9   7   6   5 276   3   4   0]",116,6.5790441036224365,a280,1000,0.005,"[32483.49101064 32409.5948175  32238.1378263  ...  2877.50998194
  2874.98791513  2874.98791513]",0.9,5000
2987.1786268035085,"[  0 279   1 241 240 239 238 237 236 235 234 233 232 231 230 245 244 246
 249 250 229 228 227 226 225 224 223 222 221 218 220 219 216 217 214 215
 212 213 210 211 206 205 207 209 208 251 252 253 256 257 258 255 254 248
 247 243 242   2 278 277   3 276 275   8 274 273 259 260 261 262 268 269
 133 134 135 267 266 136 265 137 138 148 149 178 179 180 181 182 183 184
 186 185 192 198 144 145 142 141 146 147 140 139 264 263 204 203 202 143
 199 201 200 197 196 195 194 193 191 190 189 188 187 163 164 165 166 167
 169 170 171 172 105 104 106 173 162 161 160 174 159 158 175 176 177 150
 151 155 152 119 118 156 157 117 116 114 113 110 109 107 108  88  89 103
 102 101 168 100  99  98  91  90  92  97  96  95  94  93  79  78  80  81
  82  75  77  76  74  73  72  83  87 111  86 112 115  85  84  64  65  71
  70  69  66  68  67  63  62  61  60  59  42  43  58  57  56  55  54  45
  44  41  40  39  38  34  37  48  47  46  53  52  51  50  49  36  35  33
  32  31  30  29 124 123 122 121 120 154 153 126 125  28  27  26  25  21
  24  18  19  20 127 128 129 130 131 132  17  16  22  23  13  15 270 271
 272  14  12  11  10   9   7   6   5   4   0]",116,6.436807870864868,a280,1000,0.005,"[33971.67388045 33815.42674876 33783.07456501 ...  2987.1786268
  2987.1786268   2987.1786268 ]",0.9,5000
2911.322573132905,"[  0   1 241 242 240 243 246 247 278 277 259 260 258 257 256 253 252 207
 205 206 209 208 251 254 255 248 249 250 229 245 244 239 238 237 230 231
 236 235 234 233 232 228 227 226 225 224 223 222 218 221 220 219 216 217
 214 215 212 213 210 211 204 203 202 201 199 200 195 194 193 191 190 192
 196 197 198 143 142 145 144 178 179 181 182 183 184 186 185 189 188 187
 164 163 162 170 171 169 165 166 167 168 100  99  98  91 101 102 103  90
  89  79  92  97  96  93  95  94  77  78  80  81  75  76  74  73  72  71
  70  69  68  67  66  65  64  63  62  58  57  56  55  54  53  52  51  50
  49  48  47  46  45  44  43  59  42  41  40  39  38  37  36  35  34  33
  32  31  30  28  27  26  25  21  20 127 126 125  29 124 123 122 121 120
 119 118 156 157 116 117  60  61 115  85  84  83  82  87  86 112 114 113
 110 109 111  88 108 107 104 106 105 172 173 161 160 174 159 158 180 175
 176 177 150 151 155 152 154 153 128 129 130  19 131 132 133 134 269 268
 135 267 266 136 137 149 148 147 146 141 140 139 138 265 264 263 262 261
 272 271 270  15  16  17  18  24  22  23  13  14  12  11  10   9   7   6
   8 273 274 275   5   4 276   3   2 279   0]",116,6.579947233200073,a280,1000,0.005,"[33983.20481511 33825.14712052 33822.35738363 ...  2911.32257313
  2911.32257313  2911.32257313]",0.9,5000
2903.450178195475,"[  0   1 279   2 278 277   3 276 275 274 260 259 258 257 256 253 254 255
 248 247 249 246 244 243 242 241 240 239 238 245 230 237 236 231 232 235
 234 233 223 224 225 226 227 228 229 250 208 251 252 207 209 210 213 214
 217 218 222 221 220 219 216 215 212 211 206 205 204 203 202 201 199 143
 144 198 197 200 195 196 194 193 192 191 190 189 188 187 186 185 184 162
 163 164 165 166 167 171 170 169 168 100  99  98  97  92  93  96  95  94
  77  76  74  73  72  75  82  83  84  64  65  71  70  69  66  68  67  56
  55  44  45  46  54  53  52  51  50  49  48  47  38  39  40  41  42  59
  60 117  61  62  58  43  57  63  85  86 112 115 116 114 113 110 109 111
  87  81  88  80  78  79  90  91 101 102 103  89 108 107 104 105 106 172
 173 174 160 161 183 182 181 180 179 178 149 148 147 146 145 142 141 140
 139 138 137 136 135 134 268 267 266 265 264 263 262 261 269 133 132  18
 131 130  19  20 129 128 153 154 152 155 151 150 177 176 175 159 158 157
 156 118 119 120 121 122 123 124  29  33  34  37  36  35  32  31  30  28
  27 125 126 127  26  25  21  24  22  17  16  23  13  12  11  14  15 270
 271 272 273  10   9   7   8   6   5   4   0]",116,6.780500411987305,a280,1000,0.005,"[34605.88290603 34383.14847974 34304.65748237 ...  2922.00365616
  2903.4501782   2903.4501782 ]",0.9,5000
2791.4563752314807,"[  0   4   5   6   7   8   9  10  11  12  14 270  15  13  23  22  24  21
  25  26  27  28 125 126 127 128 129  20  19 130 131  18  17  16 132 133
 269 268 134 135 267 266 136 137 138 148 149 177 150 176 158 157 156 118
 119 151 155 152 154 153 120 121 122 123 124  29  30  31  32  33  34  35
  36  37  38  39  40  41  42  59  60  61 117 116 115 114 113 112  86  83
  84  85  64  63  62  58  43  44  45  46  47  48  49  50  51  52  53  54
  55  56  57  67  68  69  66  65  70  71  72  73  74  76  77  75  78  80
  81  82  87 111 110 109 107 108  88  79  89  90  91  92  93  94  95  96
  97  98  99 100 101 102 103 104 105 106 173 172 170 171 169 168 167 166
 165 164 163 162 161 160 174 159 175 178 179 180 181 182 183 184 185 186
 187 188 189 190 191 192 193 194 195 196 197 198 144 143 199 200 201 202
 203 141 142 145 146 147 140 139 265 264 263 262 261 257 258 259 260 271
 272 273 274 275 276   3   2 278 277 247 248 254 255 256 253 252 251 208
 209 206 207 205 204 211 212 215 216 219 220 221 222 223 224 218 217 214
 213 210 228 227 226 225 233 234 235 232 236 237 238 239 240 244 245 230
 231 229 250 249 246 243 242 241   1 279   0]",605,35.247650146484375,a280,1000,0.005,"[35035.24752374 34885.55581969 34582.88727157 ...  2791.45637523
  2791.45637523  2791.45637523]",0.98,5000
2729.732591202621,"[  0   4   5   6   8   7   9  10  11  14  12  13  23  22  24  21  25  26
  27  28 125 126 127  20  19 130 129 128 153 154 152 155 151 150 176 177
 149 148 138 139 140 147 146 141 142 145 144 178 179 175 180 181 182 160
 173 174 159 158 157 156 118 119 120 121 122 123 124  29  30  31  32  33
  34  35  36  37  38  39  46  47  48  49  50  51  52  53  54  55  44  45
  40  41  42  59  60  61 117 116 114 115  85  84  65  64  63  62  58  43
  56  57  67  68  66  69  70  71  72  73  75  74  76  77  78  79  89  90
  91  92  93  94  95  96  97  98  99 100 101 102 103 108  88  80  81  82
  83  86  87 111 112 113 110 109 107 104 106 105 172 170 171 169 168 167
 166 165 164 163 162 161 183 184 185 186 187 188 189 190 191 192 196 193
 194 195 200 197 198 143 199 201 202 203 204 205 206 211 212 215 216 217
 218 219 220 221 222 223 224 225 233 234 235 232 231 230 236 237 238 245
 244 239 240 241 242 243 246 247 248 249 250 229 228 227 226 214 213 210
 209 208 207 251 252 253 254 255 256 257 258 277 259 260 261 262 263 264
 265 137 136 266 267 135 134 268 269 133 132 131  18  17  16  15 270 271
 272 273 274 275 276   3 278   2 279   1   0]",605,34.43982195854187,a280,1000,0.005,"[34760.71954647 34724.19529717 34512.850579   ...  2729.7325912
  2729.7325912   2729.7325912 ]",0.98,5000
2829.550519793234,"[  0   1 241 242 247 246 244 243 240 239 238 245 230 237 236 235 234 233
 232 231 228 229 250 249 248 254 255 256 253 252 251 208 207 205 206 209
 210 227 226 225 224 223 222 221 220 219 218 217 216 215 214 213 212 211
 204 203 202 201 200 199 143 142 141 140 139 147 146 145 144 198 197 195
 194 193 196 192 191 190 189 188 187 186 185 184 183 182 160 161 162 163
 164 165 166 167 168 101 100  99  98  97  92  93  96  95  94  77  78  75
  76  74  73  72  71  83  84  65  66  70  69  68  67  57  58  43  56  55
  44  45  54  53  46  47  52  51  50  49  48  36  35  34  37  38  39  40
  41  42  59  60  61  62  63  64  85 115 117 116 114 113 112  86  82  81
  87 111 110 109 107 108  88  80  79  89  90  91 102 103 104 106 105 169
 170 171 172 173 174 159 158 157 156 118 119 120 121 122 123 153 154 152
 155 151 150 177 176 175 180 181 179 178 149 148 138 137 136 135 267 266
 265 264 263 262 268 134 269 133 132  17  18 131 130  19  20 129 128 127
 126 125 124  29  33  32  31  30  28  27  26  25  21  24  22  23  13  12
  11  10   9  14  16  15 270 271 272 273 260 261 257 258 259 275 274   8
   7   6   5   4   3 276 277 278   2 279   0]",605,33.8076810836792,a280,1000,0.005,"[35615.25480235 35504.2283557  35476.2137988  ...  2829.55051979
  2829.55051979  2829.55051979]",0.98,5000
2753.7358822320152,"[  0   1 241 242 240 243 244 239 245 238 237 230 231 236 235 234 233 232
 228 227 226 225 224 223 222 218 221 220 219 216 215 217 214 213 212 211
 210 209 206 207 205 204 203 202 201 199 200 195 194 193 191 190 189 188
 187 163 164 165 166 167 170 171 169 168 101 100  99  98  97  96  95  94
  93  92  91  90  79  80  88  89 108 109 107 103 102 104 106 105 172 173
 162 161 160 174 159 158 157 156 118 119 120 114 116 117  60  61  62  63
  64  84  85 115 112 113 110 111  87  86  83  82  81  78  77  76  75  74
  73  72  71  70  65  66  69  68  67  57  56  55  54  53  52  51  50  49
  48  47  46  45  44  43  58  59  42  41  40  39  38  37  36  35  34  33
  32  31  30  29 124 123 122 121 153 154 152 155 151 150 177 176 175 178
 179 180 181 182 183 184 186 185 192 196 197 198 144 143 142 145 146 141
 140 147 148 149 137 136 135 134 133 269 268 267 266 265 138 139 264 263
 262 261 260 259 258 257 256 255 254 253 252 251 208 229 250 249 246 248
 247 277 278 276 275 274 273 272 271 270  15  16  17 132 131  18  19 130
  20 129 128 127 126 125  28  27  26  25  21  24  22  23  13  12  14  11
  10   9   8   7   6   5   4   3   2 279   0]",605,33.466689109802246,a280,1000,0.005,"[33642.69309945 33628.87028657 33607.79308277 ...  2753.73588223
  2753.73588223  2753.73588223]",0.98,5000
2689.1536355427606,"[  0   1 279   2 278 277   3 276 275 274 259 258 257 256 253 252 251 254
 255 248 247 246 249 250 245 244 243 242 241 240 239 238 237 236 235 234
 233 232 231 230 229 228 227 226 225 224 223 222 221 220 219 218 217 216
 215 214 213 212 211 210 209 208 207 206 205 204 203 202 201 200 197 196
 195 194 193 192 191 190 189 188 187 186 185 184 183 182 181 179 180 175
 176 150 151 177 178 149 148 147 146 145 144 198 199 143 142 141 140 139
 138 137 136 135 134 133 269 268 267 266 265 264 263 262 261 260 273 272
 271 270  15  16  17 132 131  18 130  19  20 129 155 152 154 153 128 127
 126 125 124 123 122 121 120 119 118 156 157 158 159 174 160 161 162 163
 164 165 166 167  99  98  97  96  95  94  93  92  91 101 100 168 169 170
 171 172 173 106 105 104 102 103 107 109 110 111  87  82  81  80  88 108
  89  90  79  78  77  76  74  75  73  72  71  70  69  68  67  66  65  64
  84  83  86  85 115 112 113 114 116 117  61  62  63  57  56  55  54  53
  52  51  50  49  48  47  46  45  44  43  58  60  59  42  41  40  39  38
  37  36  35  34  33  32  31  30  29  28  27  26  25  21  24  22  23  13
  14  12  11  10   9   8   7   6   5   4   0]",605,34.59543299674988,a280,1000,0.005,"[33978.29956803 33917.78387874 33681.78695515 ...  2689.15363554
  2689.15363554  2689.15363554]",0.98,5000
2707.524515143781,"[  0   1 241 240 239 238 237 236 235 234 233 232 231 230 245 244 243 242
 279   2 278 277   3 276 275 274 273 272 271 270  15 269 268 134 133 132
  16  17  18 131 130  19  20 129 127 126 125 128 153 154 152 155 151 150
 177 176 175 179 178 149 148 138 147 146 145 144 198 197 199 143 142 141
 140 139 137 136 135 267 266 265 264 263 262 261 260 259 258 257 256 253
 252 207 208 251 254 255 248 247 246 249 250 229 228 227 226 225 224 223
 222 218 221 220 219 216 215 217 214 213 212 211 210 209 206 205 204 203
 202 201 200 195 194 193 196 192 191 190 189 188 187 186 185 184 183 182
 181 180 174 160 161 162 163 164 165 166 167 171 170 169 168 100  99  98
  97  92  93  96  95  94  77  76  78  75  74  73  72  71  70  69  68  67
  66  65  63  62  57  58  43  56  55  44  45  54  53  46  47  52  51  50
  49  48  37  36  35  33  34  38  39  40  41  42  59  60  61 117 116 114
 113 112 115  85  64  84  86  83  82  81  87 111 110 109 107 108  89  88
  80  79  90  91 101 102 103 104 105 106 172 173 159 158 157 156 118 119
 120 121 122 123 124  29  30  32  31  28  27  26  25  21  24  22  23  13
  14  12  11  10   9   8   7   6   5   4   0]",605,33.76629996299744,a280,1000,0.005,"[33792.51184566 33708.11838398 33687.6322697  ...  2707.52451514
  2707.52451514  2707.52451514]",0.98,5000
2756.823329486626,"[  0   1 279   2 278 277   3 276 275 274 273 272 271 270  15 269 268 133
 134 135 267 266 136 137 138 148 147 146 145 144 143 142 141 140 139 265
 264 263 262 261 260 259 258 257 256 253 252 251 254 255 248 247 246 249
 250 229 228 227 232 231 230 245 244 243 242 241 240 239 238 237 236 235
 234 233 226 225 224 223 222 221 220 219 218 217 216 215 214 213 212 211
 210 209 208 207 206 205 204 203 202 201 200 199 198 197 196 195 194 193
 192 191 190 189 188 187 164 165 166 167 171 170 169 168  99  98 100 101
 102 103  89  90  91  92  97  96  95  94  93  79  80  88  81  87  86 112
 115  85  64  84  83  82  75  78  77  76  74  73  72  71  70  69  68  67
  66  65  63  62  61  58  57  56  43  44  55  54  45  46  53  52  47  48
  51  50  49  36  37  35  34  38  39  40  41  42  59  60 117 116 114 113
 110 111 109 108 107 104 106 105 172 173 174 160 161 162 163 186 185 184
 183 182 181 180 179 178 149 177 150 176 175 159 158 157 156 151 155 152
 154 118 119 120 121 122 123 124  29  33  32  31  30  28 125 126 153 128
 129 130 131 132  16  17  18  19  20 127  27  26  25  21  24  22  23  13
  14  12  11  10   9   8   7   6   5   4   0]",605,34.295931339263916,a280,1000,0.005,"[35291.92901304 35109.79858135 34976.02286984 ...  2756.82332949
  2756.82332949  2756.82332949]",0.98,5000
2715.7563004449557,"[  0 279   2   3 278 277 247 248 255 254 251 208 207 252 253 256 257 258
 259 260 261 262 263 264 265 137 136 266 267 135 134 268 269 133 132 131
 130  19  18  17  16  15 270 271 272 273 274 275 276   4   5   6   8   7
   9  10  11  12  14  13  23  22  24  21  25  26  27  28  30  31  32  33
  34  35  36  37  38  39  40  41  42  59  58  43  44  45  46  47  48  49
  50  51  52  53  54  55  56  57  67  68  66  69  70  71  65  64  84  83
  86 112  85  63  62  61  60 117 116 115 114 113 110 111  87  82  81  75
  72  73  74  76  77  78  80  88 108 109 107 103 104 105 106 172 173 174
 159 158 157 156 118 119 120 121 122 123 124  29 125 126 127  20 129 128
 153 154 152 155 151 150 177 176 175 180 160 161 162 163 171 170 169 168
 101 102  91  90  89  79  92  93  94  95  96  97  98 100  99 167 166 165
 164 187 188 189 190 191 193 194 195 196 192 185 186 184 183 182 181 179
 178 149 148 147 138 139 140 141 146 145 142 143 144 198 197 200 199 201
 202 203 204 205 206 209 210 211 212 213 214 215 216 217 218 219 220 221
 222 223 224 225 226 227 228 229 230 231 232 233 234 235 236 237 238 239
 245 250 249 246 244 243 240 242 241   1   0]",605,34.805485010147095,a280,1000,0.005,"[34896.2251203  34867.71668334 34747.66125879 ...  2715.75630044
  2715.75630044  2715.75630044]",0.98,5000
2757.463102715682,"[  0 279   2 278 277   3   4   5 276 275 259 260 258 257 261 262 263 264
 265 139 140 141 142 143 144 145 146 147 148 149 138 137 136 266 267 135
 134 268 269 133 132 131  18  17  16  15 270 271 272 273 274   8   6   7
   9  10  11  14  12  13  23  22  24  21  25  26  27  28  29  30  31  32
  33  35  37  36  49  50  51  48  47  52  53  46  45  54  55  44  43  56
  57  58  61  62  63  64  65  66  67  68  69  70  71  72  73  74  76  77
  75  78  79  80  81  88 108  89  90  91  92  93  94  95  96  97  98  99
 100 101 168 169 171 170 167 166 165 164 163 162 161 160 174 173 172 105
 106 104 102 103 107 109 110 111  87  82  83  86  84  85 115 112 113 114
 116 117  60  59  42  41  40  39  38  34 121 122 123 124 125 126 127  20
  19 130 129 128 153 154 152 155 151 120 119 118 156 157 158 159 180 175
 176 150 177 178 179 181 182 183 184 185 186 187 188 189 190 191 192 193
 194 195 196 197 198 199 200 201 202 203 204 205 206 211 212 213 214 215
 216 217 218 219 220 221 222 223 224 225 226 227 210 209 208 207 252 251
 254 253 256 255 248 247 246 249 250 229 228 232 233 234 235 236 231 230
 237 238 245 244 243 239 240 242 241   1   0]",605,34.01067113876343,a280,1000,0.005,"[35961.36044747 35852.59516228 35746.06822254 ...  2757.46310272
  2757.46310272  2757.46310272]",0.98,5000
2680.080273851715,"[  0 279   2 278 277 258 259 260 261 270 271 272 273 274 275 276   3   4
   5   6   7   8   9  10  11  14  12  13  23  22  24  21  25  26  27  28
  29  30  31  32  33  35  34  38  37  36  49  50  51  48  47  52  53  54
  55  56  57  58  43  44  45  46  39  40  41  42  59  60 117  61  62  63
  64  65  66  67  68  69  70  71  72  73  74  75  76  77  78  80  81  82
  86  83  84  85 115 116 114 112 113 110 109 107 108 111  87  88  79  89
  90  91  92  93  94  95  96  97  98  99 100 101 102 103 104 105 106 173
 172 170 171 169 168 167 166 165 164 163 162 161 160 174 159 158 157 156
 118 119 120 121 122 123 124 125 126 127  20  19  18  17  16  15 269 268
 267 266 262 263 264 265 137 136 135 134 133 132 131 130 129 128 153 154
 152 155 151 150 176 177 149 178 179 175 180 181 182 183 184 185 186 187
 188 189 190 191 192 196 193 194 195 200 197 198 144 145 146 147 148 138
 139 140 141 142 143 199 201 202 203 204 205 206 207 252 253 256 257 255
 254 251 208 209 210 211 212 213 214 215 216 217 218 219 220 221 222 223
 224 225 226 227 228 229 250 249 248 247 246 245 230 231 232 233 234 235
 236 237 238 239 244 243 240 242 241   1   0]",605,34.87208819389343,a280,1000,0.005,"[33511.79004163 33361.93919348 33360.79765204 ...  2680.08027385
  2680.08027385  2680.08027385]",0.98,5000
2756.106667877342,"[  0   1 241 240 242 279   2 278 277 247 248 249 246 243 244 239 238 237
 236 235 234 233 232 231 230 245 250 229 228 227 226 225 224 223 222 218
 221 220 219 216 217 214 215 212 213 210 211 203 204 205 207 206 209 208
 251 252 253 254 255 256 257 258 259 260 261 262 263 264 265 266 267 268
 269 133 134 135 136 137 149 148 147 138 139 140 141 146 142 145 144 143
 202 201 200 199 198 197 196 195 194 193 192 191 190 189 188 187 186 185
 184 183 182 181 180 179 178 175 176 177 150 151 155 152 154 153 128 129
 130 131 132  16  17  18  19  20 127 126 125 124 123 122 121 120 119 118
 156 157 158 159 174 160 161 162 173 172 106 105 169 170 171 163 164 165
 166 167 168 100  99  98  97  92  93  96  95  94  77  76  78  79  88  89
  90  91 101 102 104 103 107 108 109 110 113 112 111  87  82  81  80  75
  74  73  72  71  70  69  68  67  57  56  55  44  43  58  62  63  66  65
  64  84  83  86  85 115 114 116 117  61  60  59  42  41  40  39  38  37
  48  47  46  45  54  53  52  51  50  49  36  35  34  33  32  31  30  29
  28  27  26  25  21  24  22  23  13  12  14  15 270 271 272 273 274   8
  11  10   9   7   6   5 275 276   3   4   0]",1215,68.03321099281311,a280,1000,0.005,"[33729.32252573 33706.73809066 33692.96234877 ...  2756.10666788
  2756.10666788  2756.10666788]",0.99,5000
2767.1071472552107,"[  0 279   2 278 277 276   3   4   5 275 274   8   6   7   9  10  11  14
  12  13  23  22  24  21  25  26  27  28  31  32  30  29 125 124 123 122
 121 120 119 153 154 152 155 151 150 118 156 157 158 159 174 160 161 173
 172 106 105 104 107 103 102  91  90  89  79  80  81  82  87 111  88 108
 109 110 113 114 116 117  61  60  59  42  41  40  39  38  34  33  35  36
  37  48  49  50  51  52  47  46  53  54  45  44  55  56  43  58  57  67
  68  69  66  63  62  85 115 112  86  83  84  64  65  70  71  72  73  75
  74  76  77  78  94  95  96  93  92  97  98  99 100 101 168 169 171 170
 167 166 165 164 163 162 187 188 189 190 191 192 185 186 184 183 182 181
 180 179 178 175 176 177 149 148 147 138 137 136 266 267 135 134 268 269
 133 132 131 130 129 128 126 127  20  19  18  17  16  15 270 271 272 273
 260 259 258 257 261 262 263 264 265 139 140 141 146 145 142 144 143 199
 198 197 196 193 194 195 200 201 202 203 204 205 206 211 210 213 212 215
 214 217 216 219 220 221 218 222 223 224 225 226 227 228 209 208 207 252
 251 254 253 256 255 248 247 246 249 250 229 231 232 233 234 235 236 237
 230 245 238 239 244 243 240 242 241   1   0]",1215,69.15165185928345,a280,1000,0.005,"[34929.6747695  34891.50652972 34852.26427669 ...  2767.10714726
  2767.10714726  2767.10714726]",0.99,5000
2684.2164532684246,"[  0   4   5   6   7   8   9  10  11  12  14  13  23  22  24  21  25  26
  27  28  29  30  31  32  33  34  35  36  37  38  39  40  41  42  59  60
 117 116  61  58  43  44  45  46  47  48  49  50  51  52  53  54  55  56
  57  62  63  64  65  66  67  68  69  70  71  72  73  75  74  76  77  94
  95  96  97  93  92  91  98  99 167 166 165 170 171 169 168 100 101 102
  90  89 108  88  79  78  80  81  82  87 112  86  83  84  85 115 114 113
 110 111 109 107 103 104 106 105 172 173 160 161 162 163 164 187 188 189
 190 191 192 185 186 184 183 182 181 174 159 158 157 156 118 119 120 121
 122 123 124 125 126 127  20 129 128 153 154 152 155 151 150 177 176 175
 180 179 178 149 148 138 147 140 141 146 145 142 143 144 198 199 197 196
 193 194 195 200 201 202 203 204 205 206 207 252 251 253 254 255 256 257
 258 259 260 261 262 263 264 139 265 137 136 266 267 135 134 268 269 133
 132 131 130  19  18  17  16  15 270 271 272 273 274 275 276   3 278 277
 247 248 249 250 229 228 208 209 210 211 212 213 214 215 216 217 218 219
 220 221 222 223 224 225 226 227 232 233 234 235 236 231 230 237 238 239
 245 244 246 243 240 242 241   1 279   2   0]",1215,68.43581485748291,a280,1000,0.005,"[34585.89546428 34476.27307786 34475.8092855  ...  2684.21645327
  2684.21645327  2684.21645327]",0.99,5000
2713.735586608062,"[  0   1 241 242 240 239 238 237 236 235 234 233 232 231 230 245 244 243
 246 249 250 229 228 227 226 225 224 223 222 221 220 219 218 217 216 215
 214 213 212 211 210 209 208 207 206 205 204 203 202 201 199 143 142 145
 144 198 197 200 195 194 193 196 192 191 190 189 188 187 186 185 184 183
 162 163 164 165 166 167 171 170 169 168 100  99  98  97  92  96  95  94
  93  79  78  77  76  74  75  73  72  71  70  69  66  68  67  57  58  43
  56  55  44  45  54  53  46  47  52  51  50  49  48  37  36  35  33  34
  38  39  40  41  42  59  60 117  61  62  63  64  65  84  85 115 116 114
 113 110 109 107 108  88  87 111 112  86  83  82  81  80  89  90  91 101
 102 103 104 105 106 172 173 174 160 161 182 181 180 179 178 177 176 175
 159 158 157 156 150 151 155 152 154 153 118 119 120 121 122 123 124  29
  30  32  31  28  27  26  25  21  24  22  23  13  12  14  11  10   9   8
   7   6   5   4   3 276 275 274 273 272 271 270  15  16  17  18  19  20
 127 126 125 128 129 130 131 132 133 269 268 134 267 135 136 137 138 149
 148 147 146 141 140 139 265 266 264 263 262 261 260 259 258 257 256 253
 252 251 254 255 248 247 277 278   2 279   0]",1215,67.12642502784729,a280,1000,0.005,"[33112.74599539 33072.4476372  32780.36975703 ...  2713.73558661
  2713.73558661  2713.73558661]",0.99,5000
2687.3983001304364,"[  0   1 241 242 240 243 246 244 239 238 245 230 237 236 231 232 235 234
 233 226 225 224 223 222 221 220 219 218 217 216 215 214 213 212 211 206
 205 204 203 202 201 200 195 194 193 196 197 198 199 143 144 145 142 141
 146 147 140 139 138 148 149 178 179 180 175 176 177 150 151 155 152 154
 153 128 127 126 125 124 123 122 121 120 119 118 156 157 158 159 174 160
 161 181 182 183 184 186 185 192 191 190 189 188 187 162 163 164 165 166
 167 168 169 171 170 172 173 106 105 104 103 107 108  88  81  75  78  80
  79  89  90  91 102 101 100  99  98  97  92  93  96  95  94  77  76  74
  73  72  71  70  69  66  68  67  57  56  55  44  43  58  61  62  63  64
  65  84  85 115 112  86  83  82  87 111 109 110 113 114 116 117  60  59
  42  41  40  45  54  53  46  47  52  51  50  49  48  36  37  38  39  34
  35  33  32  31  30  29  28  27  26  25  21  24  22  23  13  12  14  11
  10   9   7   8   6   5   4   3 276 275 274 273 272 271 270  15  16  17
  18  19  20 129 130 131 132 133 269 268 134 135 267 266 136 137 265 264
 263 262 261 260 259 258 257 256 253 255 254 251 252 207 208 209 210 227
 228 229 250 249 248 247 277 278   2 279   0]",1215,66.62877297401428,a280,1000,0.005,"[35148.12944019 35071.18703804 34907.57234505 ...  2687.39830013
  2687.39830013  2687.39830013]",0.99,5000
2763.7083488791927,"[  0   1 279   2 278   3 276 277 247 248 249 250 229 246 244 243 242 241
 240 239 238 245 230 237 236 235 234 233 232 231 228 227 226 225 224 223
 222 221 220 219 218 217 216 215 214 213 212 211 210 209 208 251 254 255
 256 253 252 207 206 205 204 203 202 201 199 200 195 194 193 196 197 198
 144 143 142 145 146 141 140 139 147 148 138 137 136 135 267 266 265 264
 263 262 261 257 258 260 259 275 274 273 272 271 270  15 269 268 134 133
 132  16  17  18 131 130  19  20 129 153 128 127 126 125  29 124 123 122
 121 120 119 118 154 152 155 151 150 156 157 158 175 176 177 149 178 179
 180 181 182 183 184 186 185 192 191 190 189 188 187 164 163 162 161 160
 174 159 173 172 105 106 104 169 170 171 165 166 167 168 101 100  99  98
  97  96  95  94  93  92  91  90  89 102 103 107 109 108  88  81  80  79
  78  77  76  75  74  73  72  71  70  69  68  67  66  65  64  84  86  83
  82  87 111 110 112 113 114 115  85  63  62  61 116 117  60  59  42  41
  40  45  44  43  58  57  56  55  54  53  46  47  52  51  50  49  48  36
  35  37  38  39  34  33  32  31  30  28  27  26  25  21  24  22  23  13
  12  14  11  10   9   8   7   6   5   4   0]",1215,67.12737321853638,a280,1000,0.005,"[33578.59470132 33517.49367939 33482.83598143 ...  2763.70834888
  2763.70834888  2763.70834888]",0.99,5000
2716.530499398768,"[  0   4   5   6   8   7   9  10  11  12  13  23  22  24  21  25  26  27
  28  30  31  32  33  29 124 123 122 121 120 119 118 156 157 158 159 174
 173 172 105 106 104 103 102  91  90  89 107 108  88  79  78  80  81  82
  83  86  87 111 109 110 112 113 114 116 117 115  85  84  64  65  63  62
  61  60  59  42  41  40  39  38  37  34  35  36  48  49  50  51  52  47
  46  53  54  45  44  55  56  43  58  57  67  68  66  69  70  71  72  73
  75  74  76  77  94  95  96  93  92  97  98  99 100 101 168 169 170 171
 167 166 165 164 163 162 161 160 182 183 184 185 186 187 188 189 190 191
 192 196 193 194 195 200 197 198 144 145 146 147 138 148 149 177 178 179
 181 180 175 176 150 151 155 152 154 153 125 126 127 128 129  20  19 130
 131  18  17  16 132 133 269 134 135 136 137 266 267 268 263 264 265 139
 140 141 142 143 199 201 202 203 204 205 207 252 253 256 257 258 259 260
 261 262 270  15  14 271 272 273 274 275 276   3   2 278 277 247 248 255
 254 251 208 209 206 211 212 210 213 214 215 216 217 218 219 220 221 222
 223 224 225 226 227 228 229 250 249 246 243 244 245 230 231 232 233 234
 235 236 237 238 239 240 242 241   1 279   0]",1215,67.79751825332642,a280,1000,0.005,"[33798.76926097 33608.74473654 33472.12830067 ...  2716.5304994
  2716.5304994   2716.5304994 ]",0.99,5000
2701.2016825218698,"[  0 279   2 278 277 276   3   4   5   6   7   8   9  10  11  12  14  13
  23  22  24  21  25  26  27  28  29  30  31  32  33  35  36  37  34  38
  39  40  41  42  59  60 117 116 115 114 113 112  86  85  84  64  65  63
  62  61  58  43  44  45  46  47  48  49  50  51  52  53  54  55  56  57
  67  68  66  69  70  71  72  73  74  75  76  77  94  95  96  93  92  97
  98  99 100 168 101 102  91  90  89 108  88  79  78  80  81  82  83  87
 111 110 109 107 103 104 105 106 173 172 170 171 169 167 166 165 164 163
 162 161 160 174 159 158 157 156 118 119 120 121 122 123 124 125 126 127
 128 129  20  19 130 131  18  17  16 132 133 269 268 134 135 267 266 136
 137 138 147 148 149 177 153 154 152 155 151 150 176 175 178 179 180 181
 182 183 184 185 186 187 188 189 190 191 192 193 194 195 196 197 198 199
 200 201 202 203 204 141 142 143 144 145 146 140 139 265 264 263 262 261
  15 270 271 272 273 274 275 259 260 258 257 256 255 254 253 252 251 208
 207 205 206 209 210 211 212 215 213 214 217 216 219 220 221 218 222 223
 224 225 226 227 228 229 250 249 248 247 246 244 245 230 231 232 233 234
 235 236 237 238 239 240 243 242 241   1   0]",1215,67.42297911643982,a280,1000,0.005,"[35224.97815037 35203.98301402 34951.73828687 ...  2701.20168252
  2701.20168252  2701.20168252]",0.99,5000
2649.337239900301,"[  0   1 241 242 240 239 238 237 236 235 234 233 232 231 230 245 244 243
 246 249 250 229 228 227 226 225 224 223 222 221 220 219 218 217 216 215
 214 213 212 211 210 209 208 251 252 207 206 205 204 203 202 201 200 197
 196 195 194 193 192 191 190 189 188 187 186 185 184 183 182 181 161 162
 163 164 165 166 167 171 170 169 168 101 100  99  98  97  92  93  96  95
  94  77  76  75  74  73  72  71  70  69  68  67  57  58  43  56  55  44
  45  54  53  46  47  52  51  50  49  48  37  36  35  34  38  39  40  41
  42  59  60 117 116  61  62  63  66  65  64  85  84  83  86 112 115 114
 113 110 111  87  82  81  78  79  80  88 108 109 107 103  89  90  91 102
 104 105 106 172 173 160 174 159 158 157 156 118 119 120 121 122 123 124
  29  33  32  31  30  28  27  26  25  21  24  22  23  13  12  11  10   9
   8   7   6   5   4   3 276 275 274 273 272 271 270  14  15  16  17 132
 131  18 130  19  20 129 128 127 126 125 153 154 152 155 151 150 177 176
 175 180 179 178 149 148 147 146 145 144 198 199 143 142 141 140 139 138
 137 136 135 134 133 269 268 267 266 265 264 263 262 261 260 259 258 257
 256 253 254 255 248 247 277 278   2 279   0]",1215,67.98334574699402,a280,1000,0.005,"[33915.87686416 33883.7590779  33867.91712822 ...  2649.3372399
  2649.3372399   2649.3372399 ]",0.99,5000
2751.2302872788555,"[  0 279   2 278 277 247 248 249 250 229 228 227 210 209 208 251 252 253
 254 255 256 257 258 259 260 261 262 271 272 273 274 275 276   3   4   5
   6   8   7   9  10  11  12  13  14 270  15  16  23  22  24  21  25  26
  27  28  30  31  32  29 124 123 122 121 120 119 118 156 157 158 159 174
 160 161 162 163 173 106 105 172 170 171 169 168 101 102 104 103 107 109
 110 113 111  87  81  82  83  84  65  64  85  86 112 115 114 116 117  61
  60  59  42  41  40  39  38  34  33  35  37  36  49  50  51  48  47  52
  53  54  46  45  44  55  56  43  58  62  63  57  67  68  66  69  70  71
  72  73  75  74  76  77  78  79  80  88 108  89  90  91  92  93  94  95
  96  97  98 100  99 167 166 165 164 187 188 189 190 191 192 185 186 184
 183 182 181 180 179 178 149 177 175 176 150 151 155 152 154 153 125 126
 127 128 129  20  19 130 131  18  17 132 133 269 268 134 135 136 266 267
 263 264 139 265 137 138 148 147 140 141 142 146 145 144 143 199 198 197
 196 193 194 195 200 201 202 203 204 205 207 206 211 212 213 214 215 216
 217 218 219 220 221 222 223 224 225 226 232 233 234 235 236 231 230 237
 238 245 244 246 243 239 240 242 241   1   0]",1215,67.02058124542236,a280,1000,0.005,"[35530.46387676 35526.85287554 35388.15276432 ...  2751.23028728
  2751.23028728  2751.23028728]",0.99,5000
